AirCode,AirName,City,State,fare14,fuel14,fare15,fuel15,fare16,fuel16,fare17,fuel17,fare18,fuel18,fare19,fuel19,fare20,fuel20,fare21,fuel21
LAX,Los Angeles International,Los Angeles,CA,542.84,2.788083333,511.08,1.626916667,450.63,1.315333333,437.03,1.633583333,426.94,2.115166667,423.82,1.969416667,342.37,1.217833333,361.34,1.925
ORD,Chicago O'Hare International,Chicago-O'Hare,IL,533.68,2.788083333,460.52,1.626916667,402.61,1.315333333,393.17,1.633583333,409.7,2.115166667,409.95,1.969416667,325.14,1.217833333,319.54,1.925
DEN,Denver International,Denver,CO,432.24,2.788083333,418.8,1.626916667,394.98,1.315333333,370.64,1.633583333,366.14,2.115166667,357.17,1.969416667,296.93,1.217833333,304.33,1.925
ATL,Hartsfield-Jackson Atlanta International,Atlanta,GA,545.49,2.788083333,500.33,1.626916667,444.37,1.315333333,435.03,1.633583333,436.69,2.115166667,440.37,1.969416667,351.35,1.217833333,340.63,1.925
EWR,Newark Liberty International,Newark,NJ,631.83,2.788083333,605.34,1.626916667,544.13,1.315333333,497.38,1.633583333,488.6,2.115166667,484.02,1.969416667,359.22,1.217833333,352.11,1.925
BOS,Logan International,Boston,MA,490.3,2.788083333,484.31,1.626916667,442.32,1.315333333,416.52,1.633583333,397.19,2.115166667,401.44,1.969416667,341.14,1.217833333,369.46,1.925
SEA,Seattle/Tacoma International,Seattle,WA,487.04,2.788083333,470.54,1.626916667,420.87,1.315333333,415.86,1.633583333,408.2,2.115166667,399.99,1.969416667,337.03,1.217833333,346.32,1.925
MCO,Orlando International,Orlando,FL,401.01,2.788083333,373.3,1.626916667,321.44,1.315333333,309.1,1.633583333,302.23,2.115166667,299.24,1.969416667,253.32,1.217833333,246.89,1.925
DFW,Dallas/Fort Worth International,Dallas-DFW,TX,545.86,2.788083333,491.37,1.626916667,441.88,1.315333333,449.76,1.633583333,464.02,2.115166667,478.51,1.969416667,380.14,1.217833333,358.49,1.925
PHX,Phoenix Sky Harbor International,Phoenix,AZ,461.24,2.788083333,447.68,1.626916667,414.21,1.315333333,405.55,1.633583333,409.73,2.115166667,414.56,1.969416667,329.81,1.217833333,327.73,1.925
SFO,San Francisco International,San Francisco,CA,560.01,2.788083333,547.56,1.626916667,501.07,1.315333333,477.29,1.633583333,459.17,2.115166667,472.08,1.969416667,397.19,1.217833333,435.55,1.925
JFK,John F. Kennedy International,New York-JFK,NY,554.89,2.788083333,551.98,1.626916667,501.54,1.315333333,487.91,1.633583333,472.21,2.115166667,478.2,1.969416667,404.32,1.217833333,379.98,1.925
LAS,Harry Reid International,Las Vegas,NV,341.5,2.788083333,318.58,1.626916667,288.07,1.315333333,296.31,1.633583333,290.87,2.115166667,288.9,1.969416667,246.72,1.217833333,258.96,1.925
LGA,LaGuardia,New York-La Guardia,NY,508.11,2.788083333,473.72,1.626916667,416.82,1.315333333,392.47,1.633583333,398.34,2.115166667,397.46,1.969416667,328.66,1.217833333,318.08,1.925
MSP,Minneapolis-St Paul International,Minneapolis,MN,558.44,2.788083333,550.22,1.626916667,489.22,1.315333333,460.27,1.633583333,450.43,2.115166667,436.34,1.969416667,369.17,1.217833333,342.86,1.925
PHL,Philadelphia International,Philadelphia,PA,552.06,2.788083333,511.66,1.626916667,463.63,1.315333333,472.49,1.633583333,458.97,2.115166667,440.57,1.969416667,344.2,1.217833333,344.94,1.925
IAH,George Bush Intercontinental/Houston,Houston-Intercontinental,TX,632.3,2.788083333,570.72,1.626916667,546.21,1.315333333,507.15,1.633583333,500.6,2.115166667,483.65,1.969416667,381.02,1.217833333,364.02,1.925
SAN,San Diego International,San Diego,CA,482.14,2.788083333,469.04,1.626916667,447.29,1.315333333,418.84,1.633583333,395.32,2.115166667,389.4,1.969416667,332.24,1.217833333,368.98,1.925
DTW,Detroit Metro Wayne County,Detroit,MI,551.87,2.788083333,533.65,1.626916667,476.74,1.315333333,458.06,1.633583333,451.84,2.115166667,449.34,1.969416667,368.42,1.217833333,365.68,1.925
FLL,Fort Lauderdale-Hollywood International,Fort Lauderdale,FL,380.55,2.788083333,345.46,1.626916667,306.11,1.315333333,293.09,1.633583333,296.92,2.115166667,306.21,1.969416667,251.66,1.217833333,239.97,1.925
DCA,Ronald Reagan Washington National,Washington-Reagan National,DC,501.37,2.788083333,460.1,1.626916667,428.35,1.315333333,421.33,1.633583333,432.54,2.115166667,442.41,1.969416667,370.72,1.217833333,362.95,1.925
TPA,Tampa International,Tampa,FL,432.38,2.788083333,409.66,1.626916667,395.3,1.315333333,384.97,1.633583333,373.79,2.115166667,366.67,1.969416667,304.03,1.217833333,289.32,1.925
MIA,Miami International,Miami,FL,524.74,2.788083333,461.27,1.626916667,383.95,1.315333333,378.61,1.633583333,386.67,2.115166667,398.6,1.969416667,312.11,1.217833333,280.1,1.925
AUS,Austin - Bergstrom International,Austin,TX,505.17,2.788083333,476.93,1.626916667,471.57,1.315333333,439.04,1.633583333,413.28,2.115166667,403.57,1.969416667,335.38,1.217833333,334.01,1.925
BWI,Baltimore/Washington International Thurgood Marshall,Baltimore,MD,437.55,2.788083333,424.54,1.626916667,401.83,1.315333333,388.36,1.633583333,385.36,2.115166667,385.88,1.969416667,314.06,1.217833333,327.82,1.925
PDX,Portland International,Portland,OR,468.59,2.788083333,461.19,1.626916667,410.29,1.315333333,399.08,1.633583333,398.26,2.115166667,402.25,1.969416667,339.34,1.217833333,379.08,1.925
SLC,Salt Lake City International,Salt Lake City,UT,526.98,2.788083333,499.3,1.626916667,465.9,1.315333333,436.06,1.633583333,435,2.115166667,447.23,1.969416667,386.96,1.217833333,373.05,1.925
BNA,Nashville International,Nashville,TN,494.48,2.788083333,493.73,1.626916667,451.95,1.315333333,443.59,1.633583333,423.61,2.115166667,399.69,1.969416667,318.24,1.217833333,314.75,1.925
CLT,Charlotte Douglas International,Charlotte,NC,559.35,2.788083333,570.86,1.626916667,526.6,1.315333333,512.48,1.633583333,515.26,2.115166667,489.57,1.969416667,393.65,1.217833333,379.46,1.925
SMF,Sacramento International,Sacramento,CA,485.81,2.788083333,477.25,1.626916667,458.36,1.315333333,436.65,1.633583333,410.69,2.115166667,398,1.969416667,332.05,1.217833333,362.77,1.925
RDU,Raleigh-Durham International,Raleigh/Durham,NC,495.04,2.788083333,486.35,1.626916667,449.31,1.315333333,439.22,1.633583333,416.5,2.115166667,391.77,1.969416667,339.11,1.217833333,335.76,1.925
MDW,Chicago Midway International,Chicago-Midway,IL,427.2,2.788083333,393.39,1.626916667,354.28,1.315333333,347.03,1.633583333,369.86,2.115166667,369.32,1.969416667,275.5,1.217833333,278.69,1.925
HNL,Daniel K Inouye International,Honolulu,HI,479.79,2.788083333,494.03,1.626916667,491.59,1.315333333,457.09,1.633583333,453.05,2.115166667,408.76,1.969416667,347.91,1.217833333,368.52,1.925
STL,St Louis Lambert International,St. Louis,MO,492.86,2.788083333,480.97,1.626916667,459.22,1.315333333,452.79,1.633583333,439.87,2.115166667,436.38,1.969416667,353.62,1.217833333,345.84,1.925
SJC,Norman Y. Mineta San Jose International,San Jose,CA,438.13,2.788083333,437.22,1.626916667,408.55,1.315333333,380.74,1.633583333,361.81,2.115166667,351.73,1.969416667,301.41,1.217833333,342.21,1.925
OAK,Metro Oakland International,Oakland,CA,394.32,2.788083333,397.59,1.626916667,384.84,1.315333333,363.56,1.633583333,348.1,2.115166667,351.73,1.969416667,293.56,1.217833333,304.71,1.925
DAL,Dallas Love Field,Dallas-Love Field,TX,382.27,2.788083333,360.41,1.626916667,351.54,1.315333333,358.53,1.633583333,367.07,2.115166667,379.99,1.969416667,304.66,1.217833333,293.68,1.925
SNA,John Wayne Airport-Orange County,Santa Ana,CA,491.94,2.788083333,481.81,1.626916667,452.84,1.315333333,438.67,1.633583333,450.52,2.115166667,457.23,1.969416667,381.92,1.217833333,353.58,1.925
MCI,Kansas City International,Kansas City,MO,487.11,2.788083333,475.65,1.626916667,448.64,1.315333333,433.31,1.633583333,421.52,2.115166667,433.85,1.969416667,362.6,1.217833333,364.89,1.925
MSY,Louis Armstrong New Orleans International,New Orleans,LA,465.31,2.788083333,431.8,1.626916667,401.03,1.315333333,372.79,1.633583333,365.06,2.115166667,351.15,1.969416667,297.89,1.217833333,301.7,1.925
CLE,Cleveland-Hopkins International,Cleveland,OH,570.84,2.788083333,462.79,1.626916667,426.42,1.315333333,393.27,1.633583333,387.01,2.115166667,375.82,1.969416667,301.29,1.217833333,311.42,1.925
IAD,Washington Dulles International,Washington-Dulles,DC,626.58,2.788083333,583.53,1.626916667,561.45,1.315333333,526.64,1.633583333,517.19,2.115166667,542.09,1.969416667,445.23,1.217833333,446.23,1.925
IND,Indianapolis International,Indianapolis,IN,530.01,2.788083333,488.62,1.626916667,444.28,1.315333333,434.76,1.633583333,418.9,2.115166667,428.74,1.969416667,336.45,1.217833333,346.34,1.925
SJU,Luis Munoz Marin International,San Juan,PR,395.43,2.788083333,423.2,1.626916667,361.18,1.315333333,360.09,1.633583333,332.64,2.115166667,334.4,1.969416667,243.92,1.217833333,265.48,1.925
SAT,San Antonio International,San Antonio,TX,517.36,2.788083333,512.19,1.626916667,488.41,1.315333333,464.21,1.633583333,431.32,2.115166667,426.56,1.969416667,366.24,1.217833333,369.9,1.925
PIT,Pittsburgh International,Pittsburgh,PA,519.48,2.788083333,500.32,1.626916667,474.67,1.315333333,443.03,1.633583333,423.47,2.115166667,423.01,1.969416667,343.82,1.217833333,350.27,1.925
CVG,Cincinnati/Northern Kentucky International,Cincinnati,OH,658.89,2.788083333,557.21,1.626916667,484.48,1.315333333,416.2,1.633583333,388.2,2.115166667,389.47,1.969416667,312.38,1.217833333,320.95,1.925
CMH,John Glenn Columbus International,Columbus,OH,530.55,2.788083333,512.85,1.626916667,467.07,1.315333333,454.02,1.633583333,432.99,2.115166667,427.2,1.969416667,352.34,1.217833333,353.23,1.925
HOU,William P Hobby,Houston-Hobby,TX,455.22,2.788083333,438.71,1.626916667,430.84,1.315333333,408.37,1.633583333,409.99,2.115166667,403.28,1.969416667,316.18,1.217833333,308.71,1.925
RSW,Southwest Florida International,Fort Myers,FL,423.32,2.788083333,407.63,1.626916667,385.7,1.315333333,387.44,1.633583333,377.27,2.115166667,365.11,1.969416667,303.39,1.217833333,297.09,1.925
BDL,Bradley International,Hartford,CT,505.22,2.788083333,509.85,1.626916667,487.68,1.315333333,463.37,1.633583333,452.2,2.115166667,448.95,1.969416667,367.14,1.217833333,367.69,1.925
ONT,Ontario International,Ontario,CA,448.62,2.788083333,451.58,1.626916667,435.04,1.315333333,417.19,1.633583333,401.66,2.115166667,398.19,1.969416667,336.44,1.217833333,339,1.925
JAX,Jacksonville International,Jacksonville,FL,500.69,2.788083333,490.06,1.626916667,473.96,1.315333333,476.3,1.633583333,436.29,2.115166667,404.77,1.969416667,359.16,1.217833333,354.01,1.925
MKE,General Mitchell International,Milwaukee,WI,467.55,2.788083333,464.85,1.626916667,426.47,1.315333333,418.47,1.633583333,406.47,2.115166667,414.36,1.969416667,354.92,1.217833333,361.37,1.925
BUR,Bob Hope,Burbank,CA,374.36,2.788083333,377.38,1.626916667,359.46,1.315333333,332.95,1.633583333,323.45,2.115166667,331.96,1.969416667,293.78,1.217833333,285.96,1.925
PBI,Palm Beach International,West Palm Beach/Palm Beach,FL,446.31,2.788083333,422.45,1.626916667,401.36,1.315333333,400.29,1.633583333,404.21,2.115166667,401.3,1.969416667,342.74,1.217833333,329.72,1.925
OMA,Eppley Airfield,Omaha,NE,512,2.788083333,514.3,1.626916667,481.46,1.315333333,459.08,1.633583333,431.48,2.115166667,439.68,1.969416667,361.38,1.217833333,372.29,1.925
MEM,Memphis International,Memphis,TN,580.77,2.788083333,524.73,1.626916667,490.64,1.315333333,485.91,1.633583333,474.25,2.115166667,458.84,1.969416667,355.24,1.217833333,357.47,1.925
RIC,Richmond International,Richmond,VA,547.7,2.788083333,546.32,1.626916667,528.68,1.315333333,526.48,1.633583333,486.7,2.115166667,467.95,1.969416667,375.19,1.217833333,365.14,1.925
BOI,Boise Air Terminal,Boise,ID,502.25,2.788083333,478.35,1.626916667,446.59,1.315333333,425.46,1.633583333,418.1,2.115166667,417.34,1.969416667,342.56,1.217833333,341.42,1.925
CHS,Charleston AFB/International,Charleston,SC,513.28,2.788083333,498.94,1.626916667,467.81,1.315333333,460.86,1.633583333,430.58,2.115166667,420.02,1.969416667,356.23,1.217833333,334.41,1.925
BUF,Buffalo Niagara International,Buffalo,NY,430.77,2.788083333,423.81,1.626916667,403.28,1.315333333,391.8,1.633583333,370.95,2.115166667,375.86,1.969416667,339.59,1.217833333,348.35,1.925
ORF,Norfolk International,Norfolk,VA,566.71,2.788083333,569.61,1.626916667,543.51,1.315333333,528.38,1.633583333,494.3,2.115166667,476.83,1.969416667,387.94,1.217833333,394.09,1.925
ABQ,Albuquerque International Sunport,Albuquerque,NM,495.96,2.788083333,488.49,1.626916667,477.15,1.315333333,453.96,1.633583333,418.24,2.115166667,437.79,1.969416667,346.94,1.217833333,387.51,1.925
OGG,Kahului Airport,Kahului,HI,384.62,2.788083333,409.95,1.626916667,400.86,1.315333333,368.68,1.633583333,360.74,2.115166667,324.82,1.969416667,305.44,1.217833333,307.57,1.925
ELP,El Paso International,El Paso,TX,507.23,2.788083333,521.41,1.626916667,503.44,1.315333333,480.3,1.633583333,451.56,2.115166667,444.9,1.969416667,357.18,1.217833333,371.26,1.925
GRR,Gerald R. Ford International,Grand Rapids,MI,564.2,2.788083333,540.36,1.626916667,506.59,1.315333333,506.52,1.633583333,469.04,2.115166667,445.48,1.969416667,346.27,1.217833333,361.18,1.925
OKC,Will Rogers World,Oklahoma City,OK,539.15,2.788083333,536.45,1.626916667,518.48,1.315333333,495.44,1.633583333,466.74,2.115166667,462.97,1.969416667,365.3,1.217833333,380.7,1.925
SDF,Louisville Muhammad Ali International,Louisville,KY,538.69,2.788083333,546.73,1.626916667,534.68,1.315333333,508.27,1.633583333,468.46,2.115166667,450.72,1.969416667,357.52,1.217833333,343.72,1.925
ANC,Ted Stevens Anchorage International,Anchorage,AK,670.56,2.788083333,607.12,1.626916667,545.19,1.315333333,533.19,1.633583333,545.22,2.115166667,534.57,1.969416667,495.74,1.217833333,455.85,1.925
GEG,Spokane International,Spokane,WA,491.31,2.788083333,479.2,1.626916667,454.95,1.315333333,433.69,1.633583333,417.99,2.115166667,420.01,1.969416667,349.61,1.217833333,362.63,1.925
RNO,Reno/Tahoe International,Reno,NV,467.35,2.788083333,454.2,1.626916667,447.2,1.315333333,420.27,1.633583333,419.41,2.115166667,411.93,1.969416667,347.35,1.217833333,345.62,1.925
PVD,Rhode Island Tf Green International,Providence,RI,461.49,2.788083333,464.66,1.626916667,446.49,1.315333333,420,1.633583333,390.2,2.115166667,401.27,1.969416667,332.36,1.217833333,363.35,1.925
TUS,Tucson International,Tucson,AZ,509.6,2.788083333,516.95,1.626916667,486.46,1.315333333,474,1.633583333,473.75,2.115166667,461.71,1.969416667,366.23,1.217833333,389.55,1.925
DSM,Des Moines International,Des Moines,IA,505.83,2.788083333,504.91,1.626916667,472.71,1.315333333,470.08,1.633583333,459.11,2.115166667,453.77,1.969416667,356.14,1.217833333,362.01,1.925
LGB,Long Beach Airport,Long Beach,CA,323.3,2.788083333,319.38,1.626916667,279.56,1.315333333,249.03,1.633583333,260.94,2.115166667,275.3,1.969416667,246.59,1.217833333,285.78,1.925
TUL,Tulsa International,Tulsa,OK,558.32,2.788083333,543.19,1.626916667,520.83,1.315333333,507.6,1.633583333,477.09,2.115166667,478.49,1.969416667,369.15,1.217833333,380.37,1.925
SYR,Syracuse Hancock International,Syracuse,NY,532.15,2.788083333,538.78,1.626916667,515.17,1.315333333,525.51,1.633583333,467.03,2.115166667,424.81,1.969416667,370.58,1.217833333,390.95,1.925
SRQ,Sarasota/Bradenton International,Sarasota/Bradenton,FL,501.51,2.788083333,514.87,1.626916667,520.39,1.315333333,517.75,1.633583333,490.19,2.115166667,419.67,1.969416667,325.71,1.217833333,295.09,1.925
ALB,Albany International,Albany,NY,570.01,2.788083333,553.39,1.626916667,503.37,1.315333333,493.22,1.633583333,483.13,2.115166667,458.98,1.969416667,378.08,1.217833333,399.81,1.925
BHM,Birmingham-Shuttlesworth International,Birmingham,AL,568.24,2.788083333,560.41,1.626916667,565.77,1.315333333,567.03,1.633583333,536.76,2.115166667,528.49,1.969416667,406.01,1.217833333,419.48,1.925
SAV,Savannah/Hilton Head International,Savannah,GA,572.63,2.788083333,567.86,1.626916667,510.61,1.315333333,496.77,1.633583333,457.13,2.115166667,434.31,1.969416667,394.45,1.217833333,343.77,1.925
ROC,Frederick Douglass Grtr Rochester International,Rochester,NY,486.72,2.788083333,491.71,1.626916667,465.56,1.315333333,468.5,1.633583333,439.38,2.115166667,434.87,1.969416667,377.77,1.217833333,390.64,1.925
KOA,Ellison Onizuka Kona International at Keahole,Kona,HI,392.52,2.788083333,412.87,1.626916667,411.15,1.315333333,383.76,1.633583333,362.29,2.115166667,320.81,1.969416667,295.75,1.217833333,301.13,1.925
TYS,McGhee Tyson,Knoxville,TN,581.79,2.788083333,595.12,1.626916667,563.59,1.315333333,562.3,1.633583333,542.31,2.115166667,477.64,1.969416667,385.79,1.217833333,397.97,1.925
MYR,Myrtle Beach International,Myrtle Beach,SC,342.4,2.788083333,335.4,1.626916667,318.78,1.315333333,329.9,1.633583333,324.82,2.115166667,313.03,1.969416667,298.88,1.217833333,249.63,1.925
PNS,Pensacola International,Pensacola,FL,601.25,2.788083333,589.94,1.626916667,567.6,1.315333333,550.92,1.633583333,519.93,2.115166667,488.8,1.969416667,368.63,1.217833333,356.64,1.925
GSP,Greenville-Spartanburg International,Greer,SC,527.58,2.788083333,533.05,1.626916667,527.19,1.315333333,515.44,1.633583333,507.9,2.115166667,479.86,1.969416667,391.03,1.217833333,406.75,1.925
COS,City of Colorado Springs Municipal,Colorado Springs,CO,585.38,2.788083333,596.4,1.626916667,515.09,1.315333333,434.77,1.633583333,426.24,2.115166667,455.51,1.969416667,391.02,1.217833333,350.04,1.925
HPN,Westchester County,White Plains,NY,505.43,2.788083333,513.01,1.626916667,491.64,1.315333333,498.7,1.633583333,502.67,2.115166667,481.16,1.969416667,419.83,1.217833333,376.39,1.925
LIH,Lihue Airport,Lihue,HI,344.57,2.788083333,370.37,1.626916667,372.3,1.315333333,349.46,1.633583333,332.04,2.115166667,321.18,1.969416667,277.34,1.217833333,291.31,1.925
FAT,Fresno Yosemite International,Fresno,CA,532.74,2.788083333,577.21,1.626916667,544.38,1.315333333,544.02,1.633583333,505.22,2.115166667,481.6,1.969416667,393.71,1.217833333,378.89,1.925
LIT,Bill and Hillary Clinton Nat Adams Field,Little Rock,AR,537.76,2.788083333,561.93,1.626916667,549.22,1.315333333,544.54,1.633583333,514.55,2.115166667,495,1.969416667,376.16,1.217833333,385.24,1.925
MSN,Dane County Regional-Truax Field,Madison,WI,648.64,2.788083333,667.67,1.626916667,618.6,1.315333333,599.75,1.633583333,558.77,2.115166667,525.17,1.969416667,424.6,1.217833333,442.94,1.925
PWM,Portland International Jetport,Portland,ME,529.14,2.788083333,536.34,1.626916667,512.81,1.315333333,489.54,1.633583333,440.27,2.115166667,436.58,1.969416667,359.54,1.217833333,374.77,1.925
PSP,Palm Springs International,Palm Springs,CA,492.9,2.788083333,516.9,1.626916667,476.09,1.315333333,480.1,1.633583333,472.65,2.115166667,443.07,1.969416667,386.64,1.217833333,360.36,1.925
BZN,Bozeman Yellowstone International,Bozeman,MT,555.49,2.788083333,571.07,1.626916667,552.4,1.315333333,567.71,1.633583333,555.87,2.115166667,492.17,1.969416667,413.09,1.217833333,359.05,1.925
SFB,Orlando Sanford International,Sanford,FL,139.52,2.788083333,131.62,1.626916667,122.25,1.315333333,148.7,1.633583333,148.54,2.115166667,146.49,1.969416667,123.86,1.217833333,134.07,1.925
PIE,St Pete Clearwater International,St. Petersburg,FL,137.56,2.788083333,129.12,1.626916667,121.78,1.315333333,152.14,1.633583333,154.97,2.115166667,152.8,1.969416667,125.83,1.217833333,140.54,1.925
AVL,Asheville Regional,Asheville,NC,496.97,2.788083333,496.02,1.626916667,468.98,1.315333333,476.51,1.633583333,435.23,2.115166667,368.42,1.969416667,302.54,1.217833333,304.6,1.925
XNA,Northwest Arkansas National,Fayetteville,AR,611.83,2.788083333,652.52,1.626916667,644.05,1.315333333,666.55,1.633583333,649.2,2.115166667,576.53,1.969416667,438.97,1.217833333,439.79,1.925
EUG,Mahlon Sweet Field,Eugene,OR,464.56,2.788083333,467.31,1.626916667,444.88,1.315333333,447.21,1.633583333,443.08,2.115166667,449.01,1.969416667,364.26,1.217833333,372.93,1.925
ICT,Wichita Dwight D Eisenhower National,Wichita,KS,521.84,2.788083333,510.91,1.626916667,486.8,1.315333333,491.9,1.633583333,479.52,2.115166667,467.62,1.969416667,368.53,1.217833333,383.46,1.925
GSO,Piedmont Triad International,Greensboro/High Point,NC,574.22,2.788083333,578.61,1.626916667,554.41,1.315333333,542.19,1.633583333,526.23,2.115166667,495.17,1.969416667,408.05,1.217833333,403.28,1.925
AZA,Phoenix - Mesa Gateway,Phoenix,AZ,156.84,2.788083333,153.21,1.626916667,138.13,1.315333333,179.87,1.633583333,181.13,2.115166667,169.5,1.969416667,139.2,1.217833333,154.67,1.925
ISP,Long Island MacArthur,Islip,NY,392.35,2.788083333,404.46,1.626916667,403.77,1.315333333,385.59,1.633583333,315.31,2.115166667,311.65,1.969416667,279.35,1.217833333,262.59,1.925
CID,The Eastern Iowa,Cedar Rapids/Iowa City,IA,491.21,2.788083333,518.67,1.626916667,484.45,1.315333333,521.06,1.633583333,533.9,2.115166667,486.52,1.969416667,362.49,1.217833333,367.75,1.925
MHT,Manchester Boston Regional,Manchester,NH,488.05,2.788083333,489.04,1.626916667,473.41,1.315333333,462.84,1.633583333,457.49,2.115166667,461.25,1.969416667,376.9,1.217833333,401.03,1.925
MDT,Harrisburg International,Harrisburg,PA,570.55,2.788083333,594.49,1.626916667,575.24,1.315333333,602.95,1.633583333,566.19,2.115166667,488.14,1.969416667,395.66,1.217833333,412.13,1.925
FSD,Joe Foss Field,Sioux Falls,SD,493.94,2.788083333,512.12,1.626916667,484.74,1.315333333,483.8,1.633583333,518.76,2.115166667,493.02,1.969416667,388.71,1.217833333,398.63,1.925
JAN,Jackson Medgar Wiley Evers International,Jackson/Vicksburg,MS,620.13,2.788083333,650.7,1.626916667,636.21,1.315333333,695.12,1.633583333,662.22,2.115166667,586.09,1.969416667,502.68,1.217833333,412.55,1.925
MAF,Midland International Air and Space Port,Midland/Odessa,TX,567.37,2.788083333,561.08,1.626916667,543.93,1.315333333,569.91,1.633583333,582.53,2.115166667,572.51,1.969416667,413.57,1.217833333,399.15,1.925
PGD,Punta Gorda Airport,Punta Gorda,FL,150.38,2.788083333,141.49,1.626916667,128.36,1.315333333,153.33,1.633583333,155.67,2.115166667,166.15,1.969416667,136.38,1.217833333,149.78,1.925
BTV,Burlington International,Burlington,VT,541.81,2.788083333,559.78,1.626916667,528.3,1.315333333,544.66,1.633583333,490,2.115166667,471.04,1.969416667,445.56,1.217833333,478.97,1.925
VPS,Eglin AFB Destin Fort Walton Beach,Valparaiso,FL,680.05,2.788083333,674.24,1.626916667,566.48,1.315333333,520.14,1.633583333,495.17,2.115166667,466.86,1.969416667,370.57,1.217833333,332.92,1.925
LEX,Blue Grass,Lexington,KY,517.79,2.788083333,530.59,1.626916667,511.77,1.315333333,528.27,1.633583333,518.21,2.115166667,491.97,1.969416667,385.4,1.217833333,414.7,1.925
SBA,Santa Barbara Municipal,Santa Barbara,CA,637.02,2.788083333,684.96,1.626916667,657.4,1.315333333,651.86,1.633583333,617.47,2.115166667,526.23,1.969416667,439.71,1.217833333,415.55,1.925
HSV,Huntsville International-Carl T Jones Field,Huntsville,AL,720.57,2.788083333,739.06,1.626916667,716.05,1.315333333,766.97,1.633583333,725.26,2.115166667,645.03,1.969416667,501.39,1.217833333,500.81,1.925
DAY,James M Cox/Dayton International,Dayton,OH,534.34,2.788083333,547.52,1.626916667,518.61,1.315333333,494.06,1.633583333,509.03,2.115166667,520.53,1.969416667,414.67,1.217833333,409.46,1.925
ITO,Hilo International,Hilo,HI,319.72,2.788083333,333.12,1.626916667,340.59,1.315333333,337.71,1.633583333,315.08,2.115166667,301.97,1.969416667,192.69,1.217833333,210.91,1.925
MFE,McAllen International,Mission/McAllen/Edinburg,TX,472.98,2.788083333,529.2,1.626916667,577.72,1.315333333,585.91,1.633583333,612.15,2.115166667,513.77,1.969416667,390.7,1.217833333,428.44,1.925
SGF,Springfield-Branson National,Springfield,MO,502.56,2.788083333,524.27,1.626916667,514.56,1.315333333,555.07,1.633583333,541.15,2.115166667,498.95,1.969416667,385.24,1.217833333,434.31,1.925
ILM,Wilmington International,Wilmington,NC,604.19,2.788083333,605.17,1.626916667,562.87,1.315333333,567.6,1.633583333,533.25,2.115166667,507.83,1.969416667,424.55,1.217833333,434.54,1.925
ABE,Lehigh Valley International,Allentown/Bethlehem/Easton,PA,446.65,2.788083333,416.24,1.626916667,392.35,1.315333333,432.36,1.633583333,390.53,2.115166667,379.84,1.969416667,298.37,1.217833333,299.03,1.925
MFR,Rogue Valley International - Medford,Medford,OR,507.61,2.788083333,488.01,1.626916667,457.96,1.315333333,450.2,1.633583333,442.73,2.115166667,435.95,1.969416667,365.92,1.217833333,380.45,1.925
FAR,Hector International,Fargo,ND,523.38,2.788083333,545.14,1.626916667,559.92,1.315333333,602.62,1.633583333,600.55,2.115166667,532.07,1.969416667,417.53,1.217833333,428.82,1.925
HVN,Tweed New Haven,New Haven,CT,552.42,2.788083333,536.58,1.626916667,510.31,1.315333333,500.58,1.633583333,445.51,2.115166667,448.64,1.969416667,370.45,1.217833333,219.31,1.925
RDM,Roberts Field,Bend/Redmond,OR,524.52,2.788083333,547.96,1.626916667,516.97,1.315333333,492.83,1.633583333,474.32,2.115166667,456.44,1.969416667,369.2,1.217833333,413.88,1.925
ATW,Appleton International,Appleton,WI,608.3,2.788083333,613.16,1.626916667,565.01,1.315333333,590.44,1.633583333,540.29,2.115166667,512.19,1.969416667,390.85,1.217833333,380.94,1.925
CAE,Columbia Metropolitan,Columbia,SC,634.05,2.788083333,576.87,1.626916667,546.57,1.315333333,603.59,1.633583333,581.78,2.115166667,547.78,1.969416667,429.63,1.217833333,438.25,1.925
ACY,Atlantic City International,Atlantic City,NJ,216.1,2.788083333,195.76,1.626916667,166.1,1.315333333,155.74,1.633583333,138.75,2.115166667,152.32,1.969416667,125.12,1.217833333,128.46,1.925
ECP,Northwest Florida Beaches International,Panama City,FL,589.04,2.788083333,598.75,1.626916667,574.31,1.315333333,553.75,1.633583333,519.47,2.115166667,468.61,1.969416667,347.91,1.217833333,350.69,1.925
LBB,Lubbock Preston Smith International,Lubbock,TX,529.66,2.788083333,527.44,1.626916667,526.28,1.315333333,514.26,1.633583333,514.44,2.115166667,494.47,1.969416667,375.45,1.217833333,404.43,1.925
FAI,Fairbanks International,Fairbanks,AK,692.21,2.788083333,604.08,1.626916667,528.84,1.315333333,505.86,1.633583333,517.61,2.115166667,500.99,1.969416667,493.91,1.217833333,419.3,1.925
CHA,Lovell Field,Chattanooga,TN,529.58,2.788083333,529.42,1.626916667,520.57,1.315333333,504.45,1.633583333,516.65,2.115166667,499.94,1.969416667,421.51,1.217833333,439.43,1.925
HRL,Valley International,Harlingen/San Benito,TX,441.94,2.788083333,454.32,1.626916667,472.58,1.315333333,457.24,1.633583333,447.83,2.115166667,418.09,1.969416667,304.12,1.217833333,358.62,1.925
PSC,Tri Cities,Pasco/Kennewick/Richland,WA,518.36,2.788083333,512.65,1.626916667,476.52,1.315333333,497.93,1.633583333,509.05,2.115166667,481.63,1.969416667,411.29,1.217833333,404.77,1.925
FWA,Fort Wayne International,Fort Wayne,IN,485.71,2.788083333,490.74,1.626916667,488.85,1.315333333,531.79,1.633583333,525.14,2.115166667,490.15,1.969416667,349.51,1.217833333,371.84,1.925
SBN,South Bend International,South Bend,IN,465.17,2.788083333,448.78,1.626916667,425.11,1.315333333,502.64,1.633583333,480.36,2.115166667,453.52,1.969416667,339.28,1.217833333,370.61,1.925
TTN,Trenton Mercer,Trenton,NJ,254.65,2.788083333,212.69,1.626916667,174.61,1.315333333,199.17,1.633583333,160.23,2.115166667,152.43,1.969416667,140.93,1.217833333,126.07,1.925
STT,Cyril E King,Charlotte Amalie,VI,501.52,2.788083333,543.41,1.626916667,457.22,1.315333333,484.66,1.633583333,443.93,2.115166667,414.52,1.969416667,381.68,1.217833333,333.51,1.925
MSO,Missoula Montana,Missoula,MT,525.48,2.788083333,544.27,1.626916667,502.41,1.315333333,516,1.633583333,495.36,2.115166667,471.31,1.969416667,401.32,1.217833333,424.75,1.925
TLH,Tallahassee International,Tallahassee,FL,692.18,2.788083333,719.9,1.626916667,674.46,1.315333333,700.4,1.633583333,653.97,2.115166667,612.33,1.969416667,468.83,1.217833333,481.81,1.925
FNT,Bishop International,Flint,MI,482.84,2.788083333,497.32,1.626916667,456.75,1.315333333,448.13,1.633583333,420.3,2.115166667,407.96,1.969416667,285.79,1.217833333,272.6,1.925
BLI,Bellingham International,Bellingham,WA,265.42,2.788083333,270.89,1.626916667,261.08,1.315333333,305.37,1.633583333,314.35,2.115166667,299.35,1.969416667,266.73,1.217833333,297.88,1.925
BIL,Billings Logan International,Billings,MT,574.61,2.788083333,571.12,1.626916667,534.52,1.315333333,570.45,1.633583333,553.78,2.115166667,515.66,1.969416667,409.05,1.217833333,424.78,1.925
BQN,Rafael Hernandez,Aguadilla,PR,332.85,2.788083333,352.77,1.626916667,286.71,1.315333333,282.2,1.633583333,251.6,2.115166667,249.32,1.969416667,221.44,1.217833333,241.35,1.925
PIA,General Downing - Peoria International,Peoria,IL,432.4,2.788083333,418.26,1.626916667,383.71,1.315333333,432.57,1.633583333,425.72,2.115166667,414.6,1.969416667,316.66,1.217833333,314.94,1.925
AMA,Rick Husband Amarillo International,Amarillo,TX,546.65,2.788083333,544.8,1.626916667,538.74,1.315333333,525.15,1.633583333,510.07,2.115166667,508.42,1.969416667,379.2,1.217833333,387.42,1.925
BTR,Baton Rouge Metropolitan/Ryan Field,Baton Rouge,LA,616.58,2.788083333,618.84,1.626916667,595.42,1.315333333,575.88,1.633583333,583.14,2.115166667,560.98,1.969416667,446.39,1.217833333,451.4,1.925
BGR,Bangor International,Bangor,ME,528.71,2.788083333,532.71,1.626916667,470.87,1.315333333,499.98,1.633583333,478.22,2.115166667,480.27,1.969416667,379.27,1.217833333,371.46,1.925
FCA,Glacier Park International,Kalispell,MT,557.12,2.788083333,567.61,1.626916667,547.5,1.315333333,550.33,1.633583333,530.4,2.115166667,493.62,1.969416667,408.59,1.217833333,416.66,1.925
CAK,Akron-Canton Regional,Akron,OH,446.3,2.788083333,411.46,1.626916667,404.53,1.315333333,389.28,1.633583333,443.58,2.115166667,423.6,1.969416667,369.87,1.217833333,342.19,1.925
GRB,Green Bay Austin Straubel International,Green Bay,WI,735.9,2.788083333,772.27,1.626916667,747.66,1.315333333,738.16,1.633583333,658.46,2.115166667,592.68,1.969416667,469.48,1.217833333,452.83,1.925
MLI,Quad Cities International,Moline,IL,486.76,2.788083333,493.57,1.626916667,461.38,1.315333333,503.78,1.633583333,473.34,2.115166667,467.08,1.969416667,368.35,1.217833333,372.25,1.925
CRP,Corpus Christi International,Corpus Christi,TX,561.82,2.788083333,568.83,1.626916667,558.85,1.315333333,552.68,1.633583333,538.63,2.115166667,330.74,1.969416667,321.18,1.217833333,338.69,1.925
IDA,Idaho Falls Regional,Idaho Falls,ID,559.18,2.788083333,632.23,1.626916667,626.09,1.315333333,634.78,1.633583333,593.87,2.115166667,563.08,1.969416667,420.06,1.217833333,447.34,1.925
ROA,Roanoke Blacksburg Regional,Roanoke,VA,646.37,2.788083333,666.07,1.626916667,619.64,1.315333333,639.26,1.633583333,605.09,2.115166667,579.93,1.969416667,464.43,1.217833333,403.8,1.925
STS,Charles M. Schulz - Sonoma County,Santa Rosa,CA,362.9,2.788083333,377.49,1.626916667,353.93,1.315333333,366.82,1.633583333,358.71,2.115166667,544.33,1.969416667,441.07,1.217833333,470.75,1.925
EYW,Key West International,Key West,FL,567.04,2.788083333,628.71,1.626916667,588.48,1.315333333,552.88,1.633583333,522.62,2.115166667,385.56,1.969416667,352.73,1.217833333,356.76,1.925
RAP,Rapid City Regional,Rapid City,SD,588.24,2.788083333,610.58,1.626916667,572.88,1.315333333,599.97,1.633583333,588.19,2.115166667,514.84,1.969416667,414.09,1.217833333,370.77,1.925
AGS,Augusta Regional at Bush Field,Augusta,GA,588.79,2.788083333,566.64,1.626916667,557.03,1.315333333,541.01,1.633583333,542.19,2.115166667,527.7,1.969416667,411.4,1.217833333,435.89,1.925
GNV,Gainesville Regional,Gainesville,FL,596.76,2.788083333,589.63,1.626916667,593.58,1.315333333,581.82,1.633583333,561.55,2.115166667,529.11,1.969416667,416.94,1.217833333,444.97,1.925
SHV,Shreveport Regional,Shreveport,LA,589.32,2.788083333,608.86,1.626916667,616.76,1.315333333,649.68,1.633583333,624.9,2.115166667,535.8,1.969416667,420.66,1.217833333,439.23,1.925
CHO,Charlottesville Albemarle,Charlottesville,VA,607.35,2.788083333,567.98,1.626916667,539.63,1.315333333,522.42,1.633583333,515.62,2.115166667,576.43,1.969416667,454.91,1.217833333,478.92,1.925
BIS,Bismarck Municipal,Bismarck/Mandan,ND,536.78,2.788083333,521.9,1.626916667,497.4,1.315333333,521.56,1.633583333,537.94,2.115166667,500.94,1.969416667,427.61,1.217833333,433.03,1.925
SBP,San Luis County Regional,San Luis Obispo,CA,622.75,2.788083333,709.2,1.626916667,658,1.315333333,633.45,1.633583333,628.24,2.115166667,506.55,1.969416667,398.1,1.217833333,426.81,1.925
TVC,Cherry Capital,Traverse City,MI,736.59,2.788083333,717.89,1.626916667,655.42,1.315333333,673.01,1.633583333,676.08,2.115166667,586.45,1.969416667,444.7,1.217833333,518.26,1.925
DAB,Daytona Beach International,Daytona Beach,FL,505.01,2.788083333,498.3,1.626916667,459.81,1.315333333,457.02,1.633583333,459.1,2.115166667,592.09,1.969416667,407.96,1.217833333,426.58,1.925
MOB,Mobile Regional,Mobile,AL,719.02,2.788083333,719.18,1.626916667,665.28,1.315333333,690.29,1.633583333,674.01,2.115166667,491.92,1.969416667,402.14,1.217833333,408.4,1.925
JNU,Juneau International,Juneau,AK,588.68,2.788083333,525.97,1.626916667,484.44,1.315333333,505.02,1.633583333,516,2.115166667,583.95,1.969416667,455.46,1.217833333,465.01,1.925
LFT,Lafayette Regional Paul Fournet Field,Lafayette,LA,666.28,2.788083333,667.96,1.626916667,673.55,1.315333333,691.53,1.633583333,658.53,2.115166667,500.67,1.969416667,455.43,1.217833333,464.28,1.925
GPT,Gulfport-Biloxi International,Gulfport/Biloxi,MS,615.71,2.788083333,604.95,1.626916667,580.65,1.315333333,554.45,1.633583333,550.63,2.115166667,566.58,1.969416667,467.41,1.217833333,460.82,1.925
BLV,Scott AFB MidAmerica St Louis,Belleville,IL,132.77,2.788083333,118.8,1.626916667,110.57,1.315333333,164.36,1.633583333,173.98,2.115166667,524.09,1.969416667,412.34,1.217833333,440.78,1.925
AVP,Wilkes Barre Scranton International,Scranton/Wilkes-Barre,PA,576.73,2.788083333,549.96,1.626916667,484.38,1.315333333,483.76,1.633583333,498.98,2.115166667,184.99,1.969416667,141.01,1.217833333,150.83,1.925
JAC,Jackson Hole,Jackson,WY,777.56,2.788083333,818.34,1.626916667,790.72,1.315333333,824.63,1.633583333,741.45,2.115166667,483.68,1.969416667,420.12,1.217833333,462.06,1.925
GJT,Grand Junction Regional,Grand Junction,CO,619.85,2.788083333,631.11,1.626916667,607.65,1.315333333,600.62,1.633583333,586.27,2.115166667,649.44,1.969416667,525.62,1.217833333,472.89,1.925
BMI,Central Il Regional Airport at Bloomington,Bloomington/Normal,IL,504,2.788083333,496.83,1.626916667,473.42,1.315333333,512.34,1.633583333,462.4,2.115166667,548.95,1.969416667,416.89,1.217833333,434.76,1.925
PVU,Provo Municipal,Provo,UT,104.38,2.788083333,115.81,1.626916667,105.52,1.315333333,132.32,1.633583333,144.19,2.115166667,418.06,1.969416667,341.49,1.217833333,358.42,1.925
LCK,Rickenbacker International,Columbus,OH,115.95,2.788083333,112.3,1.626916667,110.84,1.315333333,152.39,1.633583333,156.95,2.115166667,134.02,1.969416667,123.89,1.217833333,123.07,1.925
MLB,Melbourne Orlando International,Melbourne,FL,521.44,2.788083333,501.42,1.626916667,502.06,1.315333333,493.29,1.633583333,495.9,2.115166667,170,1.969416667,134.95,1.217833333,143.86,1.925
MRY,Monterey Regional,Monterey,CA,513.6,2.788083333,519.17,1.626916667,482.04,1.315333333,453.89,1.633583333,485.84,2.115166667,518.31,1.969416667,415.54,1.217833333,418.97,1.925
TRI,Tri Cities,Bristol/Johnson City/Kingsport,TN,607.82,2.788083333,607.55,1.626916667,625.98,1.315333333,688.16,1.633583333,659.16,2.115166667,484.09,1.969416667,411.61,1.217833333,431.38,1.925
FAY,Fayetteville Regional/Grannis Field,Fayetteville,NC,597.58,2.788083333,588.93,1.626916667,554.42,1.315333333,533.62,1.633583333,528.97,2.115166667,610.3,1.969416667,471.29,1.217833333,507.56,1.925
CRW,West Virginia International Yeager,Charleston/Dunbar,WV,665.97,2.788083333,702.59,1.626916667,672.53,1.315333333,687.77,1.633583333,658.03,2.115166667,543.2,1.969416667,423.65,1.217833333,435.94,1.925
EVV,Evansville Regional,Evansville,IN,669.34,2.788083333,650.47,1.626916667,625.19,1.315333333,608.33,1.633583333,571.13,2.115166667,595.78,1.969416667,473.85,1.217833333,490.36,1.925
RFD,Chicago/Rockford International,Rockford,IL,167.99,2.788083333,151.85,1.626916667,140.29,1.315333333,206.42,1.633583333,228.81,2.115166667,528.67,1.969416667,407.86,1.217833333,428.73,1.925
ASE,Aspen Pitkin County Sardy Field,Aspen,CO,882.8,2.788083333,867.21,1.626916667,839.99,1.315333333,871.01,1.633583333,744.28,2.115166667,225.92,1.969416667,165.65,1.217833333,178.3,1.925
LBE,Arnold Palmer Regional,Latrobe,PA,209.84,2.788083333,185.77,1.626916667,162.57,1.315333333,147.64,1.633583333,128.71,2.115166667,694.19,1.969416667,587.52,1.217833333,652.56,1.925
MTJ,Montrose Regional,Montrose/Delta,CO,688.64,2.788083333,667.13,1.626916667,658.88,1.315333333,715.84,1.633583333,676.34,2.115166667,143.3,1.969416667,126.66,1.217833333,118.66,1.925
BFL,Meadows Field,Bakersfield,CA,676.86,2.788083333,727.19,1.626916667,719.07,1.315333333,727.14,1.633583333,708.85,2.115166667,593.09,1.969416667,465.64,1.217833333,403.43,1.925
DRO,Durango La Plata County,Durango,CO,625.75,2.788083333,687.6,1.626916667,668.5,1.315333333,699.34,1.633583333,683.43,2.115166667,614.89,1.969416667,453.75,1.217833333,473.26,1.925
OAJ,Albert J Ellis,Jacksonville/Camp Lejeune,NC,584.31,2.788083333,574.3,1.626916667,529.68,1.315333333,519.74,1.633583333,516.65,2.115166667,673.43,1.969416667,512.32,1.217833333,498.08,1.925
MOT,Minot International,Minot,ND,571.95,2.788083333,548.41,1.626916667,534.56,1.315333333,586.8,1.633583333,586.44,2.115166667,494,1.969416667,406.57,1.217833333,427.12,1.925
SWF,New York Stewart International,Newburgh/Poughkeepsie,NY,470.96,2.788083333,446.93,1.626916667,394.89,1.315333333,385.42,1.633583333,354.7,2.115166667,520.89,1.969416667,444.94,1.217833333,471.64,1.925
GTF,Great Falls International,Great Falls,MT,474.07,2.788083333,499.33,1.626916667,495.56,1.315333333,515.28,1.633583333,510.71,2.115166667,355.13,1.969416667,273.04,1.217833333,174.08,1.925
STX,Henry E. Rohlsen,Christiansted,VI,538.89,2.788083333,596.76,1.626916667,491.65,1.315333333,521.71,1.633583333,471.55,2.115166667,485.01,1.969416667,426.29,1.217833333,442.07,1.925
MGM,Montgomery Regional,Montgomery,AL,675.83,2.788083333,671.97,1.626916667,645.4,1.315333333,703.5,1.633583333,676.28,2.115166667,543.84,1.969416667,474.49,1.217833333,377.88,1.925
BRO,Brownsville South Padre Island International,Brownsville,TX,619.33,2.788083333,559.76,1.626916667,642.2,1.315333333,584.39,1.633583333,614.2,2.115166667,636.37,1.969416667,488.8,1.217833333,508.67,1.925
DLH,Duluth International,Duluth,MN,558.04,2.788083333,702.59,1.626916667,702.12,1.315333333,677.64,1.633583333,628.02,2.115166667,531.75,1.969416667,385.73,1.217833333,429.96,1.925
LRD,Laredo International,Laredo,TX,456.52,2.788083333,474.69,1.626916667,493.76,1.315333333,544.39,1.633583333,565.86,2.115166667,560.76,1.969416667,440.09,1.217833333,471.11,1.925
PSE,Mercedita,Ponce,PR,322.85,2.788083333,340.69,1.626916667,299.17,1.315333333,309.4,1.633583333,301.71,2.115166667,524.11,1.969416667,416.55,1.217833333,450.02,1.925
ACV,California Redwood Coast Humboldt County,Arcata/Eureka,CA,792.55,2.788083333,841.34,1.626916667,798.8,1.315333333,141.17,1.633583333,155.14,2.115166667,295.25,1.969416667,240.29,1.217833333,308.33,1.925
SGU,St George Regional,St. George,UT,467.03,2.788083333,604.09,1.626916667,572.46,1.315333333,825.02,1.633583333,745.87,2.115166667,147.51,1.969416667,126.54,1.217833333,123.75,1.925
SCE,University Park,State College,PA,738.54,2.788083333,754.21,1.626916667,724.7,1.315333333,523.67,1.633583333,500.64,2.115166667,632.76,1.969416667,526.43,1.217833333,472.77,1.925
HTS,Tri-State/Milton J. Ferguson Field,Ashland,WV,288.21,2.788083333,276.29,1.626916667,256.58,1.315333333,726.09,1.633583333,683.28,2.115166667,457.02,1.969416667,390.42,1.217833333,437.07,1.925
RDD,Redding Regional,Redding,CA,622,2.788083333,624.05,1.626916667,570.71,1.315333333,290.64,1.633583333,292.74,2.115166667,552.12,1.969416667,440.02,1.217833333,485.06,1.925
GRK,Robert Gray AAF,Killeen,TX,595.46,2.788083333,615.6,1.626916667,610.22,1.315333333,567.26,1.633583333,565.71,2.115166667,280.75,1.969416667,200.58,1.217833333,225.79,1.925
HDN,Yampa Valley,Hayden,CO,742.07,2.788083333,722.05,1.626916667,709.6,1.315333333,602.16,1.633583333,528.7,2.115166667,564.31,1.969416667,533.38,1.217833333,436.21,1.925
EGE,Eagle County Regional,Eagle,CO,815.56,2.788083333,861.7,1.626916667,821.36,1.315333333,726.31,1.633583333,695.99,2.115166667,506.21,1.969416667,390.08,1.217833333,397.54,1.925
AEX,Alexandria International,Alexandria,LA,648.57,2.788083333,670.92,1.626916667,669.51,1.315333333,834.26,1.633583333,770.22,2.115166667,578.61,1.969416667,475.27,1.217833333,389.45,1.925
GFK,Grand Forks International,Grand Forks,ND,431.07,2.788083333,429.16,1.626916667,439.11,1.315333333,688.58,1.633583333,678.87,2.115166667,676.94,1.969416667,609.29,1.217833333,552.45,1.925
TOL,Eugene F Kranz Toledo Express,Toledo,OH,277.62,2.788083333,272.66,1.626916667,258.87,1.315333333,546.73,1.633583333,593.87,2.115166667,624.92,1.969416667,475.86,1.217833333,498.59,1.925
SCK,Stockton Metro,Stockton,CA,122.22,2.788083333,107.21,1.626916667,103.49,1.315333333,307.74,1.633583333,335.14,2.115166667,548.15,1.969416667,473.26,1.217833333,493.32,1.925
PBG,Plattsburgh International,Plattsburgh,NY,208.11,2.788083333,184.49,1.626916667,146.75,1.315333333,149.05,1.633583333,159.2,2.115166667,326.69,1.969416667,248.23,1.217833333,251.06,1.925
ORH,Worcester Regional,Worcester,MA,355.17,2.788083333,367.02,1.626916667,357.3,1.315333333,192.88,1.633583333,237.49,2.115166667,164.53,1.969416667,149.12,1.217833333,150.24,1.925
ELM,Elmira/Corning Regional,Elmira/Corning,NY,494.51,2.788083333,485.43,1.626916667,467.79,1.315333333,364.09,1.633583333,344.08,2.115166667,247.85,1.969416667,261,1.217833333,249.54,1.925
BET,Bethel Airport,Bethel,AK,574.7,2.788083333,522.04,1.626916667,499.31,1.315333333,541.04,1.633583333,529.53,2.115166667,360.17,1.969416667,367.72,1.217833333,273.54,1.925
YUM,Yuma MCAS/Yuma International,Yuma,AZ,566.01,2.788083333,683.59,1.626916667,596.9,1.315333333,470.97,1.633583333,441.65,2.115166667,487.01,1.969416667,383.64,1.217833333,385.35,1.925
SAF,Santa Fe Municipal,Santa Fe,NM,627.16,2.788083333,622.92,1.626916667,635.63,1.315333333,601.49,1.633583333,589.08,2.115166667,425.4,1.969416667,425.75,1.217833333,418.81,1.925
GUM,Guam International,Guam,TT,1907.23,2.788083333,1902.46,1.626916667,2009.52,1.315333333,556.48,1.633583333,554.57,2.115166667,544.64,1.969416667,472.92,1.217833333,450.94,1.925
MLU,Monroe Regional,Monroe,LA,637.7,2.788083333,668.42,1.626916667,694.21,1.315333333,2004.13,1.633583333,1647.08,2.115166667,531.48,1.969416667,428.6,1.217833333,480.44,1.925
KTN,Ketchikan International,Ketchikan,AK,612.8,2.788083333,570.29,1.626916667,558.97,1.315333333,721.73,1.633583333,691.95,2.115166667,1395.22,1.969416667,1540.46,1.217833333,1801.81,1.925
LNK,Lincoln Airport,Lincoln,NE,651.57,2.788083333,659.37,1.626916667,626.13,1.315333333,560.05,1.633583333,564.44,2.115166667,609.98,1.969416667,459.23,1.217833333,511.94,1.925
RST,Rochester International,Rochester,MN,565.11,2.788083333,614.12,1.626916667,557.33,1.315333333,626.02,1.633583333,597.78,2.115166667,548.3,1.969416667,512.67,1.217833333,503.4,1.925
ACK,Nantucket Memorial,Nantucket,MA,418.13,2.788083333,408.15,1.626916667,396.51,1.315333333,505.27,1.633583333,476.55,2.115166667,570.66,1.969416667,486.3,1.217833333,470.95,1.925
LYH,Lynchburg Regional/Preston Glenn Field,Lynchburg,VA,664.65,2.788083333,651.49,1.626916667,635.74,1.315333333,390.21,1.633583333,383.54,2.115166667,467.59,1.969416667,398.25,1.217833333,373.67,1.925
SPI,Abraham Lincoln Capital,Springfield,IL,415.37,2.788083333,425.33,1.626916667,412.73,1.315333333,600.87,1.633583333,576.92,2.115166667,349.93,1.969416667,346.3,1.217833333,317.68,1.925
COU,Columbia Regional,Columbia,MO,592.91,2.788083333,607.85,1.626916667,621.55,1.315333333,437.69,1.633583333,481.54,2.115166667,564.08,1.969416667,439.6,1.217833333,477.37,1.925
PHF,Newport News/Williamsburg International,Newport News/Williamsburg,VA,588.8,2.788083333,621.57,1.626916667,593.9,1.315333333,591.94,1.633583333,552.74,2.115166667,476.49,1.969416667,331.71,1.217833333,350.06,1.925
LAN,Capital Region International,Lansing,MI,548.6,2.788083333,607.64,1.626916667,587.45,1.315333333,589.07,1.633583333,563.78,2.115166667,537.81,1.969416667,438.48,1.217833333,446.03,1.925
CWA,Central Wisconsin,Mosinee,WI,667.75,2.788083333,699.55,1.626916667,705.45,1.315333333,528.64,1.633583333,562.99,2.115166667,554.33,1.969416667,454.95,1.217833333,464.65,1.925
MHK,Manhattan Regional,Manhattan/Ft. Riley,KS,625.01,2.788083333,645.12,1.626916667,662.86,1.315333333,718.39,1.633583333,655.59,2.115166667,524.99,1.969416667,412.45,1.217833333,392.23,1.925
HLN,Helena Regional,Helena,MT,700.73,2.788083333,690.35,1.626916667,650.85,1.315333333,622.24,1.633583333,620.46,2.115166667,578.68,1.969416667,475.45,1.217833333,476.35,1.925
AZO,Kalamazoo/Battle Creek International,Kalamazoo,MI,732.09,2.788083333,738.71,1.626916667,645.12,1.315333333,658.16,1.633583333,619.39,2.115166667,606.29,1.969416667,518.22,1.217833333,493.44,1.925
GRI,Central Nebraska Regional,Grand Island,NE,296.4,2.788083333,311.64,1.626916667,290.38,1.315333333,660.19,1.633583333,642.2,2.115166667,586.2,1.969416667,504.27,1.217833333,525.41,1.925
MBS,MBS International,Saginaw/Bay City/Midland,MI,689.97,2.788083333,706.17,1.626916667,661.23,1.315333333,380.98,1.633583333,378.31,2.115166667,570.32,1.969416667,464.04,1.217833333,443.07,1.925
IAG,Niagara Falls International,Niagara Falls,NY,174.75,2.788083333,159.01,1.626916667,140.65,1.315333333,723.48,1.633583333,656.87,2.115166667,350.68,1.969416667,286.19,1.217833333,298.85,1.925
HHH,Hilton Head Airport,Hilton Head,SC,633.8,2.788083333,671.07,1.626916667,610.81,1.315333333,178.23,1.633583333,196.84,2.115166667,642.22,1.969416667,545.77,1.217833333,525.51,1.925
FLG,Flagstaff Pulliam,Flagstaff,AZ,586.34,2.788083333,610.89,1.626916667,574.94,1.315333333,617.02,1.633583333,537.45,2.115166667,740.89,1.969416667,644.85,1.217833333,580.43,1.925
ABI,Abilene Regional,Abilene,TX,588.17,2.788083333,615.01,1.626916667,584.89,1.315333333,538.77,1.633583333,558.27,2.115166667,202.53,1.969416667,180.48,1.217833333,145.68,1.925
PUW,Pullman Moscow Regional,Pullman,WA,495.23,2.788083333,483.44,1.626916667,478.58,1.315333333,615.9,1.633583333,645.3,2.115166667,485.54,1.969416667,418.26,1.217833333,347.18,1.925
CSG,Columbus Airport,Columbus,GA,758.85,2.788083333,705.24,1.626916667,677.95,1.315333333,471.07,1.633583333,480.57,2.115166667,496.74,1.969416667,396.25,1.217833333,457.32,1.925
CPR,Casper/Natrona County International,Casper,WY,590.37,2.788083333,630.83,1.626916667,602.22,1.315333333,625.53,1.633583333,630.53,2.115166667,626.67,1.969416667,484.79,1.217833333,516.51,1.925
ERI,Erie International/Tom Ridge Field,Erie,PA,594.31,2.788083333,585.14,1.626916667,552.7,1.315333333,556.81,1.633583333,670.77,2.115166667,474.67,1.969416667,408.53,1.217833333,391.6,1.925
PSM,Portsmouth International at Pease,Portsmouth,NH,142.67,2.788083333,150.59,1.626916667,148.4,1.315333333,561.11,1.633583333,500.64,2.115166667,627.09,1.969416667,490.1,1.217833333,453.21,1.925
LSE,La Crosse Regional,La Crosse,WI,654.8,2.788083333,682.84,1.626916667,628.01,1.315333333,195.02,1.633583333,243.01,2.115166667,649.54,1.969416667,543.89,1.217833333,565.12,1.925
SUN,Friedman Memorial,Sun Valley/Hailey/Ketchum,ID,644.95,2.788083333,649.72,1.626916667,595.12,1.315333333,646.53,1.633583333,595.14,2.115166667,486.14,1.969416667,389.92,1.217833333,417.22,1.925
EWN,Coastal Carolina Regional,New Bern/Morehead/Beaufort,NC,584.02,2.788083333,588.59,1.626916667,566.38,1.315333333,565.33,1.633583333,587.85,2.115166667,223.69,1.969416667,206.47,1.217833333,195.7,1.925
CMI,University of Illinois/Willard,Champaign/Urbana,IL,640.39,2.788083333,686.88,1.626916667,643.71,1.315333333,548.71,1.633583333,536.85,2.115166667,554.77,1.969416667,438.64,1.217833333,423.6,1.925
LCH,Lake Charles Regional,Lake Charles,LA,626.61,2.788083333,648.77,1.626916667,727.95,1.315333333,638.73,1.633583333,618.39,2.115166667,608.12,1.969416667,537.87,1.217833333,531.77,1.925
SIT,Sitka Rocky Gutierrez,Sitka,AK,574.76,2.788083333,516.62,1.626916667,500.21,1.315333333,750.5,1.633583333,703.36,2.115166667,519.3,1.969416667,437.63,1.217833333,458.24,1.925
ROW,Roswell Air Center,Roswell,NM,705.7,2.788083333,705.7,1.626916667,607.11,1.315333333,499.01,1.633583333,496.3,2.115166667,633.66,1.969416667,538.19,1.217833333,536.69,1.925
ITH,Ithaca Tompkins International,Ithaca/Cortland,NY,679.78,2.788083333,689.37,1.626916667,644.9,1.315333333,564.23,1.633583333,587.29,2.115166667,654.11,1.969416667,494.98,1.217833333,518.3,1.925
ADQ,Kodiak Airport,Kodiak,AK,785.43,2.788083333,721.85,1.626916667,696.46,1.315333333,672.33,1.633583333,634.4,2.115166667,493.73,1.969416667,477.39,1.217833333,437.11,1.925
FSM,Fort Smith Regional,Fort Smith,AR,649.05,2.788083333,712.9,1.626916667,695.07,1.315333333,686.27,1.633583333,649.87,2.115166667,598.36,1.969416667,495.7,1.217833333,482.13,1.925
SJT,San Angelo Regional/Mathis Field,San Angelo,TX,604.49,2.788083333,614.67,1.626916667,609.7,1.315333333,714.63,1.633583333,704.51,2.115166667,551.31,1.969416667,461.87,1.217833333,513.47,1.925
SBY,Salisbury-Ocean City/Wicomico Regional,Salisbury,MD,587.57,2.788083333,563.22,1.626916667,541.12,1.315333333,650.08,1.633583333,691.67,2.115166667,611.73,1.969416667,560.26,1.217833333,544.27,1.925
ACT,Waco Regional,Waco,TX,610.02,2.788083333,641.37,1.626916667,615.86,1.315333333,574.38,1.633583333,564.3,2.115166667,645.61,1.969416667,511.32,1.217833333,572.44,1.925
MVY,Martha's Vineyard Airport,Martha's Vineyard,MA,427.09,2.788083333,454.35,1.626916667,399.6,1.315333333,637.59,1.633583333,646.47,2.115166667,628.11,1.969416667,495.69,1.217833333,532.41,1.925
CKB,North Central West Virginia,Clarksburg/Fairmont,WV,234.64,2.788083333,180.05,1.626916667,163.19,1.315333333,398.31,1.633583333,393.09,2.115166667,563.25,1.969416667,447.88,1.217833333,470.13,1.925
CLL,Easterwood Field,College Station/Bryan,TX,591.83,2.788083333,616.49,1.626916667,663.97,1.315333333,167.05,1.633583333,302.26,2.115166667,649.68,1.969416667,522.82,1.217833333,534.68,1.925
LWS,Lewiston Nez Perce County,Lewiston,ID,576.07,2.788083333,538.64,1.626916667,538.25,1.315333333,680.68,1.633583333,651.8,2.115166667,387.54,1.969416667,330.14,1.217833333,349.93,1.925
TYR,Tyler Pounds Regional,Tyler,TX,600.48,2.788083333,640.5,1.626916667,651.05,1.315333333,526.98,1.633583333,560.83,2.115166667,296.82,1.969416667,263.56,1.217833333,253.68,1.925
LAW,Lawton-Fort Sill Regional,Lawton/Fort Sill,OK,640,2.788083333,647.38,1.626916667,625.9,1.315333333,677.12,1.633583333,687.78,2.115166667,579.22,1.969416667,424.53,1.217833333,461.91,1.925
HGR,Hagerstown Regional-Richard A. Henson Field,Hagerstown,MD,135.71,2.788083333,105.9,1.626916667,100.8,1.315333333,626.23,1.633583333,636.72,2.115166667,672.06,1.969416667,539.31,1.217833333,565.92,1.925
MQT,Marquette Sawyer Regional,Marquette,MI,704.5,2.788083333,705.9,1.626916667,708.57,1.315333333,154.01,1.633583333,176.54,2.115166667,595.92,1.969416667,485.22,1.217833333,521.88,1.925
VLD,Valdosta Regional,Valdosta,GA,789.17,2.788083333,758.93,1.626916667,748.01,1.315333333,700.05,1.633583333,662.1,2.115166667,568.33,1.969416667,454.1,1.217833333,451.81,1.925
TXK,Texarkana Regional-Webb Field,Texarkana,AR,594.39,2.788083333,628.05,1.626916667,623.86,1.315333333,721.12,1.633583333,756.23,2.115166667,174.57,1.969416667,129.44,1.217833333,138.31,1.925
GTR,Golden Triangle Regional,Columbus,MS,804.69,2.788083333,857.31,1.626916667,789.89,1.315333333,612.6,1.633583333,618.71,2.115166667,610.1,1.969416667,480.16,1.217833333,487.58,1.925
YKM,Yakima Air Terminal/McAllister Field,Yakima,WA,558.85,2.788083333,506.57,1.626916667,502.32,1.315333333,759.86,1.633583333,742.03,2.115166667,719.51,1.969416667,574.57,1.217833333,584.19,1.925
OME,Nome Airport,Nome,AK,649.34,2.788083333,650.3,1.626916667,626.15,1.315333333,511.04,1.633583333,511.6,2.115166667,604.6,1.969416667,478.78,1.217833333,518,1.925
DHN,Dothan Regional,Dothan,AL,866.79,2.788083333,922.71,1.626916667,881.96,1.315333333,615.95,1.633583333,618.89,2.115166667,698.83,1.969416667,577.23,1.217833333,569.22,1.925
EAT,Pangborn Memorial,Wenatchee,WA,521.54,2.788083333,481.33,1.626916667,471.68,1.315333333,927.94,1.633583333,817.53,2.115166667,515.91,1.969416667,445.28,1.217833333,448.57,1.925
ABY,Southwest Georgia Regional,Albany,GA,784.72,2.788083333,742.54,1.626916667,719.39,1.315333333,455.38,1.633583333,468.88,2.115166667,623.09,1.969416667,594.59,1.217833333,577.15,1.925
OTZ,Ralph Wien Memorial,Kotzebue,AK,664.46,2.788083333,627.14,1.626916667,603.35,1.315333333,684.49,1.633583333,689.29,2.115166667,754.02,1.969416667,609.81,1.217833333,642.96,1.925
FLO,Florence Regional,Florence,SC,538.68,2.788083333,538.96,1.626916667,515.28,1.315333333,567.89,1.633583333,558.27,2.115166667,497.43,1.969416667,397.86,1.217833333,427.61,1.925
ALW,Walla Walla Regional,Walla Walla,WA,470.67,2.788083333,451.52,1.626916667,439.82,1.315333333,552.39,1.633583333,512.71,2.115166667,687.61,1.969416667,500.07,1.217833333,530.39,1.925
PGV,Pitt Greenville,Greenville,NC,574.21,2.788083333,580.98,1.626916667,568.71,1.315333333,437.8,1.633583333,435.99,2.115166667,511.55,1.969416667,551.75,1.217833333,536.83,1.925
GCK,Garden City Regional,Garden City,KS,604.55,2.788083333,573.25,1.626916667,555.86,1.315333333,542.87,1.633583333,507.27,2.115166667,497.01,1.969416667,444.94,1.217833333,387.66,1.925
BRW,Wiley Post/Will Rogers Memorial,Barrow,AK,716.57,2.788083333,636.16,1.626916667,602.39,1.315333333,574.82,1.633583333,557.46,2.115166667,442.31,1.969416667,378.18,1.217833333,400.45,1.925
SPS,Sheppard AFB/Wichita Falls Municipal,Wichita Falls,TX,576.72,2.788083333,579.25,1.626916667,542.61,1.315333333,574.26,1.633583333,603.88,2.115166667,509.23,1.969416667,418.39,1.217833333,411.76,1.925
COD,Yellowstone Regional,Cody,WY,610.03,2.788083333,676.82,1.626916667,604.3,1.315333333,541.25,1.633583333,546.99,2.115166667,568.06,1.969416667,415.83,1.217833333,425.07,1.925
SPN,Francisco C. Ada Saipan International,Saipan,TT,1001.58,2.788083333,1254.97,1.626916667,1727.11,1.315333333,640.19,1.633583333,476.77,2.115166667,578.82,1.969416667,537.07,1.217833333,508.78,1.925
BPT,Jack Brooks Regional,Beaumont/Port Arthur,TX,524.64,2.788083333,534.41,1.626916667,538.84,1.315333333,1394.9,1.633583333,612.49,2.115166667,545.81,1.969416667,433.7,1.217833333,456.72,1.925
STC,St. Cloud Regional,St. Cloud,MN,255.04,2.788083333,183.54,1.626916667,551.85,1.315333333,527.21,1.633583333,649.37,2.115166667,498.27,1.969416667,417.69,1.217833333,423.45,1.925
BJI,Bemidji Regional,Bemidji,MN,530.08,2.788083333,768.15,1.626916667,144.37,1.315333333,540.77,1.633583333,569.2,2.115166667,618.34,1.969416667,505.65,1.217833333,523.87,1.925
GGG,East Texas Regional,Longview,TX,584.67,2.788083333,591.63,1.626916667,728.13,1.315333333,187.61,1.633583333,558.57,2.115166667,481.55,1.969416667,702.36,1.217833333,903.92,1.925
ABR,Aberdeen Regional,Aberdeen,SD,537.74,2.788083333,813.5,1.626916667,557.94,1.315333333,680.28,1.633583333,268.97,2.115166667,545.89,1.969416667,436.23,1.217833333,436.81,1.925
GUC,Gunnison-Crested Butte Regional,Gunnison,CO,796.48,2.788083333,709.74,1.626916667,802.34,1.315333333,535.83,1.633583333,678.6,2.115166667,567.59,1.969416667,433.43,1.217833333,474.56,1.925
BQK,Brunswick Golden Isles,Brunswick,GA,658.55,2.788083333,687.94,1.626916667,666.41,1.315333333,729.03,1.633583333,564.88,2.115166667,256.94,1.969416667,248.99,1.217833333,197.53,1.925
CIU,Chippewa County International,Sault Ste. Marie,MI,716.36,2.788083333,715.15,1.626916667,644.18,1.315333333,729.84,1.633583333,714.61,2.115166667,662.25,1.969416667,551.47,1.217833333,574.93,1.925
ART,Watertown International,Watertown,NY,675.65,2.788083333,673.99,1.626916667,729.8,1.315333333,666.82,1.633583333,711.13,2.115166667,589.68,1.969416667,458.95,1.217833333,503.45,1.925
DLG,Dillingham Airport,Dillingham,AK,863.42,2.788083333,862.64,1.626916667,602.25,1.315333333,741.67,1.633583333,635.23,2.115166667,686.45,1.969416667,552.76,1.217833333,594.29,1.925
PLN,Pellston Regional Airport of Emmet County,Pellston,MI,860.93,2.788083333,892.6,1.626916667,807.4,1.315333333,593.5,1.633583333,703.69,2.115166667,644.81,1.969416667,498.97,1.217833333,598.51,1.925
GCC,Northeast Wyoming Regional,Gillette,WY,639.29,2.788083333,755.18,1.626916667,918.81,1.315333333,754.05,1.633583333,560.15,2.115166667,620.15,1.969416667,533.27,1.217833333,529.56,1.925
BRD,Brainerd Lakes Regional,Brainerd,MN,536.75,2.788083333,756.45,1.626916667,715.08,1.315333333,877.51,1.633583333,737.78,2.115166667,680.18,1.969416667,549.43,1.217833333,574.6,1.925
SHR,Sheridan County,Sheridan,WY,779.45,2.788083333,1068.52,1.626916667,741.78,1.315333333,700.94,1.633583333,786.83,2.115166667,543.45,1.969416667,405.88,1.217833333,441.88,1.925
DIK,Dickinson - Theodore Roosevelt Regional,Dickinson,ND,802.39,2.788083333,784.71,1.626916667,757.28,1.315333333,720.87,1.633583333,750.81,2.115166667,680.06,1.969416667,560.12,1.217833333,562.89,1.925
RHI,Rhinelander/Oneida County,Rhinelander,WI,524.78,2.788083333,808.19,1.626916667,782.82,1.315333333,819.71,1.633583333,708.36,2.115166667,735.6,1.969416667,533.84,1.217833333,636.35,1.925
PPG,Pago Pago International,Pago Pago,TT,1360.48,2.788083333,1349.86,1.626916667,1452.7,1.315333333,719.74,1.633583333,822.29,2.115166667,690.6,1.969416667,565.18,1.217833333,563.53,1.925
ESC,Delta County,Escanaba,MI,704.22,2.788083333,731.61,1.626916667,648.81,1.315333333,1401.59,1.633583333,670.42,2.115166667,702.68,1.969416667,566.6,1.217833333,575.39,1.925
SCC,Deadhorse Airport,Deadhorse,AK,609.95,2.788083333,563.07,1.626916667,545.27,1.315333333,609.52,1.633583333,1372.84,2.115166667,1014.06,1.969416667,564.77,1.217833333,581.75,1.925
CYS,Cheyenne Regional/Jerry Olson Field,Cheyenne,WY,813.96,2.788083333,804.96,1.626916667,764.12,1.315333333,523.96,1.633583333,568.85,2.115166667,685.57,1.969416667,565.35,1.217833333,553.41,1.925
TWF,Joslin Field - Magic Valley Regional,Twin Falls,ID,540.56,2.788083333,766.29,1.626916667,723.9,1.315333333,732.71,1.633583333,483.12,2.115166667,649.85,1.969416667,534.28,1.217833333,569.39,1.925
EAR,Kearney Regional,Kearney,NE,743.28,2.788083333,793.83,1.626916667,737.33,1.315333333,693.75,1.633583333,416.5,2.115166667,1368.18,1.969416667,1283.95,1.217833333,1036.67,1.925
IMT,Ford,Iron Mountain/Kingsfd,MI,510.11,2.788083333,754.73,1.626916667,750.3,1.315333333,571.49,1.633583333,715.69,2.115166667,549.8,1.969416667,487.31,1.217833333,524.05,1.925
CMX,Houghton County Memorial,Hancock/Houghton,MI,599.27,2.788083333,686.53,1.626916667,667.19,1.315333333,584.58,1.633583333,513.76,2.115166667,479.24,1.969416667,524.73,1.217833333,581.29,1.925
BTM,Bert Mooney,Butte,MT,450.15,2.788083333,676.04,1.626916667,674.07,1.315333333,687.11,1.633583333,576.82,2.115166667,421.18,1.969416667,449.47,1.217833333,497.85,1.925
HOB,Lea County Regional,Hobbs,NM,627.83,2.788083333,601.02,1.626916667,616.86,1.315333333,638.46,1.633583333,688.38,2.115166667,724.42,1.969416667,572.22,1.217833333,524.98,1.925
AKN,King Salmon Airport,King Salmon,AK,883.18,2.788083333,882.37,1.626916667,832.94,1.315333333,590.94,1.633583333,661.78,2.115166667,550.59,1.969416667,529.86,1.217833333,477.03,1.925
LAR,Laramie Regional,Laramie,WY,476.44,2.788083333,605.68,1.626916667,583.06,1.315333333,776.34,1.633583333,603.17,2.115166667,525.78,1.969416667,473.45,1.217833333,536.92,1.925
PSG,Petersburg James A Johnson,Petersburg,AK,582.92,2.788083333,529.09,1.626916667,524.03,1.315333333,577.32,1.633583333,755.65,2.115166667,653.77,1.969416667,518.7,1.217833333,542.31,1.925
SUX,Sioux Gateway Brig Gen Bud Day Field,Sioux City,IA,505.39,2.788083333,598.98,1.626916667,570.97,1.315333333,519.23,1.633583333,569.38,2.115166667,637.95,1.969416667,544.21,1.217833333,549.5,1.925
PQI,Presque Isle International,Presque Isle/Houlton,ME,754.02,2.788083333,684.85,1.626916667,707.26,1.315333333,562.49,1.633583333,528.45,2.115166667,612.8,1.969416667,522.35,1.217833333,410.45,1.925
EAU,Chippewa Valley Regional,Eau Claire,WI,500.17,2.788083333,585.79,1.626916667,528.7,1.315333333,610.34,1.633583333,554.21,2.115166667,727.7,1.969416667,596.77,1.217833333,547.96,1.925
SMX,Santa Maria Public/Capt. G. Allan Hancock Field,Santa Maria,CA,547.46,2.788083333,520.61,1.626916667,421.98,1.315333333,539.69,1.633583333,657.34,2.115166667,565.99,1.969416667,504.77,1.217833333,476.79,1.925
HIB,Range Regional,Hibbing,MN,713.08,2.788083333,779.63,1.626916667,728.78,1.315333333,139.25,1.633583333,541.08,2.115166667,501.84,1.969416667,479.33,1.217833333,508.94,1.925
RKS,Southwest Wyoming Regional,Rock Springs,WY,609.87,2.788083333,706.9,1.626916667,752.62,1.315333333,737.72,1.633583333,157.94,2.115166667,539.98,1.969416667,453.05,1.217833333,438.32,1.925
DBQ,Dubuque Regional,Dubuque,IA,593.15,2.788083333,608.38,1.626916667,607.17,1.315333333,673.4,1.633583333,708.68,2.115166667,596.99,1.969416667,540,1.217833333,463.76,1.925
JLN,Joplin Regional,Joplin,MO,598.78,2.788083333,631.78,1.626916667,608.09,1.315333333,625.98,1.633583333,581.39,2.115166667,522.35,1.969416667,491.37,1.217833333,394.44,1.925
ALO,Waterloo Regional,Waterloo,IA,575.47,2.788083333,579.09,1.626916667,575.2,1.315333333,601.42,1.633583333,634.49,2.115166667,148.25,1.969416667,119.2,1.217833333,107.64,1.925
OWB,Owensboro Daviess County Regional,Owensboro,KY,138.32,2.788083333,136.43,1.626916667,140.33,1.315333333,582.68,1.633583333,593.76,2.115166667,659.11,1.969416667,539.84,1.217833333,595.26,1.925
OGD,Ogden-Hinckley,Ogden,UT,102.92,2.788083333,108.83,1.626916667,105.96,1.315333333,184.37,1.633583333,617.51,2.115166667,589.6,1.969416667,561.86,1.217833333,494.38,1.925
CDV,Merle K Mudhole Smith,Cordova,AK,623.52,2.788083333,548.68,1.626916667,492.03,1.315333333,123.02,1.633583333,182.62,2.115166667,624.72,1.969416667,478.28,1.217833333,481.99,1.925
FNL,Northern Colorado Regional,Fort Collins/Loveland,CO,418.68,2.788083333,193.07,1.626916667,181.32,1.315333333,505.34,1.633583333,129.26,2.115166667,572.04,1.969416667,434.83,1.217833333,458.41,1.925
BGM,Greater Binghamton/Edwin A. Link Field,Binghamton,NY,634.72,2.788083333,618.62,1.626916667,606.7,1.315333333,700.76,1.633583333,475.12,2.115166667,573.89,1.969416667,449.51,1.217833333,395.98,1.925
APN,Alpena County Regional,Alpena,MI,469.42,2.788083333,828.43,1.626916667,843.82,1.315333333,783.13,1.633583333,663.7,2.115166667,166.04,1.969416667,145.38,1.217833333,147.5,1.925
CDC,Cedar City Regional,Cedar City,UT,396.34,2.788083333,451.34,1.626916667,426.94,1.315333333,394.54,1.633583333,691.89,2.115166667,134.44,1.969416667,114.06,1.217833333,101.57,1.925
RIW,Central Wyoming Regional,Riverton/Lander,WY,888.33,2.788083333,906.3,1.626916667,787.02,1.315333333,813.61,1.633583333,419.48,2.115166667,474.86,1.969416667,484.53,1.217833333,462.86,1.925
PIH,Pocatello Regional,Pocatello,ID,590.44,2.788083333,819.77,1.626916667,732.44,1.315333333,693.06,1.633583333,694.03,2.115166667,600.2,1.969416667,502.47,1.217833333,163.83,1.925
LBF,North Platte Regional Airport Lee Bird Field,North Platte,NE,783.9,2.788083333,771.97,1.626916667,666.08,1.315333333,697.47,1.633583333,368.61,2.115166667,620.74,1.969416667,496.61,1.217833333,456.87,1.925
MEI,Key Field,Meridian,MS,653.26,2.788083333,671.29,1.626916667,774.35,1.315333333,618.79,1.633583333,473.05,2.115166667,486.17,1.969416667,423.98,1.217833333,596.32,1.925
CNY,Canyonlands Regional,Moab,UT,414.89,2.788083333,453.06,1.626916667,627.65,1.315333333,585.37,1.633583333,599.73,2.115166667,970.27,1.969416667,547.96,1.217833333,484.32,1.925
OTH,Southwest Oregon Regional,North Bend/Coos Bay,OR,536.45,2.788083333,601.38,1.626916667,576.13,1.315333333,499.86,1.633583333,322.17,2.115166667,722.95,1.969416667,561.14,1.217833333,571.38,1.925
PAH,Barkley Regional,Paducah,KY,489.85,2.788083333,574.19,1.626916667,557.63,1.315333333,554.92,1.633583333,626.68,2.115166667,430.97,1.969416667,464.55,1.217833333,575.84,1.925
BFF,Western Neb. Regional/William B. Heilig Field,Scottsbluff,NE,757.21,2.788083333,756.42,1.626916667,724.44,1.315333333,536.57,1.633583333,538.53,2.115166667,537.24,1.969416667,506.28,1.217833333,401.44,1.925
PRC,Prescott Regional Ernest A Love Field,Prescott,AZ,563.63,2.788083333,1058.26,1.626916667,409.95,1.315333333,637.4,1.633583333,436.43,2.115166667,546.28,1.969416667,478.38,1.217833333,454.79,1.925
WRG,Wrangell Airport,Wrangell,AK,556.13,2.788083333,521.84,1.626916667,507.09,1.315333333,494.29,1.633583333,317.26,2.115166667,392.85,1.969416667,406.96,1.217833333,492.98,1.925
PIR,Pierre Regional,Pierre,SD,882.45,2.788083333,899.28,1.626916667,654.81,1.315333333,515.91,1.633583333,518.56,2.115166667,556.43,1.969416667,444.96,1.217833333,408.11,1.925
EKO,Elko Regional,Elko,NV,671.86,2.788083333,962.19,1.626916667,957.86,1.315333333,644.83,1.633583333,674.12,2.115166667,591.22,1.969416667,561.76,1.217833333,478.02,1.925
MKG,Muskegon County,Muskegon,MI,497.58,2.788083333,512.77,1.626916667,479.41,1.315333333,929.03,1.633583333,813.68,2.115166667,523.65,1.969416667,518.76,1.217833333,548.84,1.925
HYA,Cape Cod Gateway,Hyannis,MA,318.68,2.788083333,277.63,1.626916667,290.96,1.315333333,493.36,1.633583333,456.23,2.115166667,397.23,1.969416667,505,1.217833333,527.9,1.925
VEL,Vernal Regional,Vernal,UT,633.28,2.788083333,842.72,1.626916667,497.65,1.315333333,284.55,1.633583333,312.37,2.115166667,492.93,1.969416667,483.53,1.217833333,542.89,1.925
JMS,Jamestown Regional,Jamestown,ND,561.17,2.788083333,566.27,1.626916667,581.34,1.315333333,677.79,1.633583333,444.08,2.115166667,551.65,1.969416667,533.71,1.217833333,521.04,1.925
PIB,Hattiesburg-Laurel Regional,Hattiesburg/Laurel,MS,719.57,2.788083333,629.44,1.626916667,696.47,1.315333333,505.52,1.633583333,514.55,2.115166667,779.58,1.969416667,617.47,1.217833333,485.51,1.925
INL,Falls International Einarson Field,International Falls,MN,506.72,2.788083333,813.34,1.626916667,502.07,1.315333333,591.61,1.633583333,579.66,2.115166667,490.18,1.969416667,450.12,1.217833333,660.81,1.925
PUB,Pueblo Memorial,Pueblo,CO,453.03,2.788083333,538.13,1.626916667,625.34,1.315333333,653.61,1.633583333,623.92,2.115166667,330.42,1.969416667,283.54,1.217833333,415.14,1.925
HYS,Hays Regional,Hays,KS,582.89,2.788083333,614.11,1.626916667,652.51,1.315333333,603.2,1.633583333,477.16,2.115166667,470.51,1.969416667,522.44,1.217833333,313.1,1.925
VCT,Victoria Regional,Victoria,TX,783.55,2.788083333,717.32,1.626916667,615.58,1.315333333,657.17,1.633583333,559.23,2.115166667,527.08,1.969416667,558.44,1.217833333,513.6,1.925
SHD,Shenandoah Valley Regional,Staunton,VA,670.79,2.788083333,194.95,1.626916667,161.75,1.315333333,593.49,1.633583333,441.51,2.115166667,467.2,1.969416667,434.31,1.217833333,468.44,1.925
ILG,New Castle,Wilmington,DE,245.25,2.788083333,696.61,1.626916667,543.33,1.315333333,187.57,1.633583333,446.76,2.115166667,618.94,1.969416667,501.52,1.217833333,458.23,1.925
LBL,Liberal Mid-America Regional,Liberal,KS,808.41,2.788083333,680.75,1.626916667,480,1.315333333,570.37,1.633583333,455.15,2.115166667,517.72,1.969416667,450.78,1.217833333,543.55,1.925
OGS,Ogdensburg International,Ogdensburg,NY,575.49,2.788083333,796.02,1.626916667,623.13,1.315333333,438.81,1.633583333,437.89,2.115166667,554.76,1.969416667,528.12,1.217833333,377.61,1.925
ATY,Watertown Regional,Watertown,SD,807.44,2.788083333,515.83,1.626916667,777.57,1.315333333,556.19,1.633583333,241.24,2.115166667,532.23,1.969416667,436.45,1.217833333,477.48,1.925
YAK,Yakutat Airport,Yakutat,AK,477.35,2.788083333,642.66,1.626916667,762.63,1.315333333,565.7,1.633583333,545.7,2.115166667,516.9,1.969416667,394.64,1.217833333,471.09,1.925
CGI,Cape Girardeau Regional,Cape Girardeau,MO,601.01,2.788083333,701.32,1.626916667,607.24,1.315333333,615.41,1.633583333,471.52,2.115166667,506.68,1.969416667,507.49,1.217833333,411.85,1.925
ALS,San Luis Valley Regional/Bergman Field,Alamosa,CO,698.61,2.788083333,765.82,1.626916667,616.71,1.315333333,546.57,1.633583333,342.13,2.115166667,455.95,1.969416667,476.18,1.217833333,524.74,1.925
DDC,Dodge City Regional,Dodge City,KS,754.2,2.788083333,654.83,1.626916667,592.72,1.315333333,578.69,1.633583333,568.25,2.115166667,302.6,1.969416667,316.1,1.217833333,430.2,1.925
BKG,Branson Airport,Branson,MO,339.39,2.788083333,611.74,1.626916667,557.97,1.315333333,477.36,1.633583333,536.31,2.115166667,473.68,1.969416667,489.63,1.217833333,106.25,1.925
JST,John Murtha Johnstown-Cambria County,Johnstown,PA,723.59,2.788083333,581.39,1.626916667,552.73,1.315333333,570.64,1.633583333,132.35,2.115166667,465.95,1.969416667,556.83,1.217833333,425.64,1.925
TBN,Waynesville-St. Robert Regional Forney Field,Fort Leonard Wood,MO,630.18,2.788083333,625.67,1.626916667,506.83,1.315333333,1233.54,1.633583333,651.23,2.115166667,430.97,1.969416667,534.15,1.217833333,538.38,1.925
DVL,Devils Lake Regional,Devils Lake,ND,592.81,2.788083333,596.62,1.626916667,628.74,1.315333333,562.53,1.633583333,539.24,2.115166667,604.1,1.969416667,441.82,1.217833333,456.63,1.925
WYS,Yellowstone,West Yellowstone,MT,490.05,2.788083333,653.36,1.626916667,1228.24,1.315333333,420.21,1.633583333,560.35,2.115166667,569.03,1.969416667,498.16,1.217833333,553.75,1.925
LWB,Greenbrier Valley,Lewisburg,WV,567.26,2.788083333,1282,1.626916667,293.75,1.315333333,242.14,1.633583333,607.3,2.115166667,128.99,1.969416667,110.72,1.217833333,465.19,1.925
MCW,Mason City Municipal,Mason City,IA,886.46,2.788083333,245.12,1.626916667,286.96,1.315333333,443.56,1.633583333,513.85,2.115166667,518.19,1.969416667,418,1.217833333,501.02,1.925
MWA,Veterans Airport of Southern Illinois,Marion/Herrin,IL,607.33,2.788083333,573.02,1.626916667,505.7,1.315333333,455.77,1.633583333,559.18,2.115166667,422.75,1.969416667,379.4,1.217833333,389.13,1.925
DUT,Unalaska Airport,Unalaska,AK,1322.14,2.788083333,537.96,1.626916667,479.94,1.315333333,914.03,1.633583333,1248.88,2.115166667,597.1,1.969416667,520.05,1.217833333,118.06,1.925
IPL,Imperial County,El Centro,CA,1333.7,2.788083333,608.37,1.626916667,958.15,1.315333333,464.8,1.633583333,714.27,2.115166667,602.78,1.969416667,358.35,1.217833333,443.82,1.925
GST,Gustavus Airport,Gustavus,AK,288.87,2.788083333,663.23,1.626916667,599.66,1.315333333,565.4,1.633583333,344.74,2.115166667,529.7,1.969416667,433,1.217833333,391.87,1.925
LEB,Lebanon Municipal,Lebanon-Hanover,NH,576.52,2.788083333,685.51,1.626916667,577,1.315333333,549.67,1.633583333,286.09,2.115166667,549.01,1.969416667,444.8,1.217833333,524.22,1.925
BKW,Raleigh County Memorial,Beckley,WV,582.77,2.788083333,587.68,1.626916667,632.04,1.315333333,801.76,1.633583333,462.32,2.115166667,1217.14,1.969416667,1261.43,1.217833333,321.66,1.925
AUG,Augusta State,Augusta/Waterville,ME,553.61,2.788083333,892.41,1.626916667,608.11,1.315333333,399.27,1.633583333,431.04,2.115166667,464.68,1.969416667,545.65,1.217833333,507.27,1.925
TEX,Telluride Regional,Telluride,CO,810.15,2.788083333,869.28,1.626916667,879.97,1.315333333,592.36,1.633583333,1033.49,2.115166667,364.79,1.969416667,333.12,1.217833333,406.98,1.925
RUT,Rutland - Southern Vermont Regional,Rutland,VT,603.53,2.788083333,779.98,1.626916667,607.72,1.315333333,487.51,1.633583333,414.75,2.115166667,234.85,1.969416667,239.82,1.217833333,400.69,1.925
UIN,Quincy Regional-Baldwin Field,Quincy,IL,627.19,2.788083333,567.75,1.626916667,594.64,1.315333333,516.52,1.633583333,375.28,2.115166667,454.46,1.969416667,443.21,1.217833333,1203.61,1.925
PKB,Mid-Ohio Valley Regional,Parkersburg,WV,678.96,2.788083333,567.36,1.626916667,629.96,1.315333333,498.34,1.633583333,559.47,2.115166667,509.92,1.969416667,430.79,1.217833333,541.71,1.925
BHB,Hancock County-Bar Harbor,Bar Harbor,ME,638.76,2.788083333,741.93,1.626916667,512.07,1.315333333,453.48,1.633583333,712.65,2.115166667,415.4,1.969416667,487.67,1.217833333,373.03,1.925
ENA,Kenai Municipal,Kenai,AK,969.87,2.788083333,917.14,1.626916667,553.54,1.315333333,578.25,1.633583333,606.86,2.115166667,913.59,1.969416667,677.49,1.217833333,236.81,1.925
MSL,Northwest Alabama Regional,Muscle Shoals,AL,530.61,2.788083333,651.78,1.626916667,694.75,1.315333333,357.04,1.633583333,617.91,2.115166667,453.25,1.969416667,711.32,1.217833333,465.81,1.925
TUP,Tupelo Regional,Tupelo,MS,689.04,2.788083333,471.37,1.626916667,531.26,1.315333333,473.07,1.633583333,523.34,2.115166667,450.31,1.969416667,424,1.217833333,513.39,1.925
IWD,Gogebic-Iron County,Ironwood,MI,677.33,2.788083333,711.39,1.626916667,579.64,1.315333333,409.73,1.633583333,539.83,2.115166667,704.86,1.969416667,383.37,1.217833333,487.11,1.925
CEZ,Cortez Municipal,Cortez,CO,844.67,2.788083333,744.42,1.626916667,669.41,1.315333333,599.23,1.633583333,565.58,2.115166667,507.78,1.969416667,458.95,1.217833333,417.54,1.925
IRK,Kirksville Regional,Kirksville,MO,646.89,2.788083333,689.45,1.626916667,1255.31,1.315333333,1179.77,1.633583333,517.26,2.115166667,737.76,1.969416667,376.71,1.217833333,814.6,1.925
PVC,Provincetown Municipal,Provincetown,MA,587.68,2.788083333,713.34,1.626916667,853.81,1.315333333,812.51,1.633583333,620.82,2.115166667,422.28,1.969416667,691.56,1.217833333,436.69,1.925
RKD,Knox County Regional,Rockland,ME,658.99,2.788083333,1311.31,1.626916667,800.2,1.315333333,491.56,1.633583333,513.44,2.115166667,507.94,1.969416667,381.44,1.217833333,422.04,1.925
AIA,Alliance Municipal,Alliance,NE,824.69,2.788083333,949.62,1.626916667,506.08,1.315333333,497.49,1.633583333,538.36,2.115166667,542.35,1.969416667,445.57,1.217833333,471.7,1.925
PGA,Page Municipal,Page,AZ,687.3,2.788083333,804.56,1.626916667,531.78,1.315333333,546.59,1.633583333,541.86,2.115166667,489.46,1.969416667,334.14,1.217833333,537.31,1.925
AOO,Altoona-Blair County,Altoona,PA,704.84,2.788083333,586.86,1.626916667,287.41,1.315333333,754.01,1.633583333,742.06,2.115166667,559.69,1.969416667,450.34,1.217833333,565.39,1.925
DUJ,DuBois Regional,DuBois,PA,740.3,2.788083333,674.62,1.626916667,615.03,1.315333333,642.27,1.633583333,553.61,2.115166667,535.53,1.969416667,514.06,1.217833333,414.94,1.925
SLK,Adirondack Regional,Saranac Lake/Lake Placid,NY,640.27,2.788083333,773.4,1.626916667,597.37,1.315333333,768.52,1.633583333,534.58,2.115166667,664.63,1.969416667,508.07,1.217833333,400.82,1.925
GLH,Greenville Mid Delta,Greenville,MS,808.61,2.788083333,694.21,1.626916667,469.74,1.315333333,315.26,1.633583333,1249.13,2.115166667,480.21,1.969416667,461.64,1.217833333,401.32,1.925
MGW,Morgantown Municipal Walter L Bill Hart Field,Morgantown,WV,726.5,2.788083333,381.22,1.626916667,599.2,1.315333333,368.01,1.633583333,744.74,2.115166667,569.86,1.969416667,508.72,1.217833333,521.87,1.925
VQS,Antonio Rivera Rodriguez,Vieques,PR,652.61,2.788083333,701.96,1.626916667,300.12,1.315333333,604.37,1.633583333,605.74,2.115166667,568.69,1.969416667,561.32,1.217833333,382.14,1.925
ADK,Adak,Adak Island,AK,1270.35,2.788083333,720.73,1.626916667,749.87,1.315333333,911.91,1.633583333,440.11,2.115166667,474.87,1.969416667,403.8,1.217833333,703.24,1.925
HOM,Homer Airport,Homer,AK,910.94,2.788083333,323.09,1.626916667,837.87,1.315333333,281.63,1.633583333,744.66,2.115166667,525.38,1.969416667,520.63,1.217833333,546.87,1.925
TVF,Thief River Falls Regional,Thief River Falls,MN,523.47,2.788083333,951.16,1.626916667,849.35,1.315333333,722.19,1.633583333,735.79,2.115166667,508.45,1.969416667,475.36,1.217833333,481.68,1.925
MAZ,Eugenio Maria de Hostos,Mayaguez,PR,591.4,2.788083333,302.95,1.626916667,691.53,1.315333333,756.46,1.633583333,662.42,2.115166667,601.48,1.969416667,341.01,1.217833333,473.9,1.925
MSS,Massena International-Richards Field,Massena,NY,721.28,2.788083333,706.05,1.626916667,485.42,1.315333333,778.16,1.633583333,698.63,2.115166667,1193.44,1.969416667,396.28,1.217833333,474.6,1.925
FOD,Fort Dodge Regional,Fort Dodge,IA,1022.9,2.788083333,814.46,1.626916667,478.63,1.315333333,652.54,1.633583333,658.3,2.115166667,712.65,1.969416667,771.98,1.217833333,355.77,1.925
SOW,Show Low Regional,Show Low,AZ,684.46,2.788083333,897.52,1.626916667,1088.04,1.315333333,535.92,1.633583333,487.51,2.115166667,505.17,1.969416667,1145.76,1.217833333,523.72,1.925
SDY,Sidney Richland Regional,Sidney,MT,635.44,2.788083333,909.07,1.626916667,507.72,1.315333333,470.83,1.633583333,716.49,2.115166667,458.47,1.969416667,697.18,1.217833333,422.17,1.925
CNM,Cavern City Air Terminal,Carlsbad,NM,752.21,2.788083333,700.27,1.626916667,1192.31,1.315333333,1117.4,1.633583333,523.31,2.115166667,668.29,1.969416667,448.44,1.217833333,398.86,1.925
PDT,Eastern Oregon Regional at Pendleton,Pendleton,OR,419.45,2.788083333,471.62,1.626916667,1200.99,1.315333333,363.31,1.633583333,292.62,2.115166667,330.44,1.969416667,400.61,1.217833333,707.72,1.925
CDR,Chadron Municipal,Chadron,NE,755.19,2.788083333,1293.87,1.626916667,1458.6,1.315333333,1097.77,1.633583333,770.01,2.115166667,544.27,1.969416667,347.71,1.217833333,893.96,1.925
MCK,McCook Ben Nelson Regional,McCook,NE,756.77,2.788083333,588.83,1.626916667,698.12,1.315333333,1185.45,1.633583333,269.92,2.115166667,609.69,1.969416667,357.53,1.217833333,538.07,1.925
BFD,Bradford Regional,Bradford,PA,626.22,2.788083333,1177.9,1.626916667,649.63,1.315333333,745.08,1.633583333,722.01,2.115166667,660.64,1.969416667,493.69,1.217833333,451.19,1.925
LNS,Lancaster Airport,Lancaster,PA,513.65,2.788083333,1246.59,1.626916667,206.38,1.315333333,610.94,1.633583333,809.83,2.115166667,632.35,1.969416667,493.7,1.217833333,496.68,1.925
GDV,Dawson Community,Glendive,MT,750.11,2.788083333,783.37,1.626916667,708.28,1.315333333,746.36,1.633583333,809.34,2.115166667,573.47,1.969416667,525.79,1.217833333,426.3,1.925
MKK,Molokai,Hoolehua,HI,312.35,2.788083333,939.79,1.626916667,237.84,1.315333333,818.23,1.633583333,702.17,2.115166667,489.98,1.969416667,469.95,1.217833333,385.1,1.925
HVR,Havre City-County,Havre,MT,609.14,2.788083333,486.56,1.626916667,592.72,1.315333333,402.19,1.633583333,507.47,2.115166667,581.24,1.969416667,490.4,1.217833333,404.45,1.925
OLF,L. M. Clayton,Wolf Point,MT,857.3,2.788083333,735.49,1.626916667,798.23,1.315333333,641.68,1.633583333,417.36,2.115166667,613.23,1.969416667,365.19,1.217833333,518.12,1.925
VDZ,Valdez Pioneer Field,Valdez,AK,904.45,2.788083333,555.77,1.626916667,487.47,1.315333333,864.84,1.633583333,1127.67,2.115166667,557.52,1.969416667,451.66,1.217833333,491.68,1.925
GGW,Wokal Field Glasgow Valley County,Glasgow,MT,843.61,2.788083333,785.57,1.626916667,1072.33,1.315333333,851.29,1.633583333,381.45,2.115166667,461.49,1.969416667,463.76,1.217833333,524.6,1.925
CPX,Benjamin Rivera Noriega,Culebra,PR,388.94,2.788083333,588.49,1.626916667,255.71,1.315333333,500.85,1.633583333,1142.73,2.115166667,613.52,1.969416667,551.66,1.217833333,281.15,1.925
SGY,Skagway Airport,Skagway,AK,1080.82,2.788083333,771.78,1.626916667,1392.76,1.315333333,785.74,1.633583333,1286.01,2.115166667,255.32,1.969416667,478.79,1.217833333,512.81,1.925
CDB,Cold Bay Airport,Cold Bay,AK,1164.45,2.788083333,230.03,1.626916667,1545.33,1.315333333,525.65,1.633583333,333.4,2.115166667,634.73,1.969416667,364.38,1.217833333,467.49,1.925
LNY,Lanai Airport,Lanai,HI,579.24,2.788083333,552.91,1.626916667,531.06,1.315333333,732.35,1.633583333,1206.55,2.115166667,822.83,1.969416667,258.96,1.217833333,437.93,1.925
MCN,Middle Georgia Regional,Macon,GA,651.82,2.788083333,633.32,1.626916667,141.06,1.315333333,245.07,1.633583333,632.32,2.115166667,750.53,1.969416667,591.19,1.217833333,501.09,1.925
SDP,Sand Point,Sandpoint,AK,1211.65,2.788083333,871.57,1.626916667,716.19,1.315333333,731.44,1.633583333,628.08,2.115166667,870.93,1.969416667,574.16,1.217833333,436.01,1.925
SNP,St. Paul Island,St. Paul,AK,1296.74,2.788083333,435.08,1.626916667,102.75,1.315333333,866.58,1.633583333,356.94,2.115166667,455.92,1.969416667,763.53,1.217833333,294.77,1.925
